	Bin ID	Method	TaxGTDB	Tax	Tax 16S	Length	GC perc	Num contigs	Disparity	Completeness	Contamination	Strain het	Coverage Chris_11	TPM Chris_11.S561toS566_AD.AD6	Coverage Chris_12	TPM Chris_12.S1001_3_4_AD1_3_4	Coverage Chris_13	TPM Chris_13.S1002_5_6_AD2_5_6	Coverage Chris_14	TPM Chris_14.S1147_49_50_AD1_3_4	Coverage Chris_15	TPM Chris_15.S1148_51_52_AD2_5_6	Coverage Chris_16	TPM Chris_16.S1154_57_58_AD2_5_6
metabat2.140	metabat2.140.fa.contigs	DAS	d__Bacteria;p__Bacillota_A;c__Clostridia;o__Oscillospirales;f__Ethanoligenenaceae;g__Ruminiclostridium_D;s__	k_Bacteria;p_Bacillota;c_Clostridia;		1698650	42.96	50	0	83.18	0	0	0.052	39.683	0.038	30.838	3.693	3872.367	0.04	29.587	5.213	4129.061	182.524	155801.52
concoct.254	concoct.254.fa_sub.contigs	DAS	Unclassified Bacteria	k_Bacteria;p_Bacillota;c_Clostridia;	superkingdom:Bacteria;clade:Terrabacteria group;phylum:Bacillota;class:Clostridia;order:Eubacteriales;family:Oscillospiraceae;genus:Ethanoligenens	2493616	48.7	62	0	99.09	11.36	12.5	0.029	22.121	0.022	17.875	4.394	4617.309	0.028	20.418	4.278	3414.278	64.434	55054.654
concoct.129	concoct.129.fa.contigs	DAS	Unclassified Bacteria	k_Bacteria;		168963	48.24	81	0	2.19	0	0	0.138	108.382	0.11	91.018	0.926	980.88	0.125	92.021	1.618	1290.453	61.607	52597.115
concoct.185	concoct.185.fa_sub.contigs	DAS	d__Bacteria;p__Bacillota_A;c__Clostridia;o__Acetivibrionales;f__DTU013;g__JAEYRB01;s__	k_Bacteria;p_Bacillota;c_Clostridia;o_Eubacteriales;		2802317	44.35	226	0.38	14.09	0.91	0	0.313	239.381	0.199	162.277	0.955	1001.122	0.28	207.281	4.136	3294.526	48.689	41575.459
metabat2.27	metabat2.27.fa.contigs	DAS	d__Bacteria;p__Coprothermobacterota;c__Coprothermobacteria;o__Coprothermobacterales;f__Coprothermobacteraceae;g__Coprothermobacter;s__Coprothermobacter proteolyticus	k_Bacteria;p_Coprothermobacterota;c_Coprothermobacteria;o_Coprothermobacterales;f_Coprothermobacteraceae;g_Coprothermobacter;		1460537	44.85	174	0	70.32	17.96	68.02	0.865	660.524	1.616	1315.114	5.235	5485.894	6.414	4747.312	70.484	55853.061	34.546	29437.565
concoct.36	concoct.36.fa_sub.contigs	DAS	d__Archaea;p__Methanobacteriota;c__Methanobacteria;o__Methanobacteriales;f__Methanobacteriaceae;g__Methanobacterium;s__Methanobacterium sp012838205	k_Archaea;p_Euryarchaeota;c_Methanobacteria;o_Methanobacteriales;f_Methanobacteriaceae;g_Methanobacterium;		2452658	39.41	351	0.342	82.12	9.84	11.11	0.047	36.004	0.026	20.966	0.072	75.22	0.209	155.492	18.692	14831.114	22.889	19512.617
concoct.224	concoct.224.fa_sub.contigs	DAS	d__Bacteria;p__Bacillota_A;c__Clostridia;o__Oscillospirales;f__Acutalibacteraceae;g__Caproicibacter;s__Caproicibacter melissae	k_Bacteria;p_Bacillota;c_Clostridia;o_Eubacteriales;f_Oscillospiraceae;g_Thermocaproicibacter;s_Thermocaproicibacter melissae;		4425782	50.01	429	0.387	90.99	89.1	67.8	0.02	15.713	0.018	14.958	0.313	328.443	0.022	16.452	0.721	574.209	22.317	19066.675
concoct.37	concoct.37.fa.contigs	DAS	d__Bacteria;p__Bacillota_I;c__Bacilli_A;o__RFN20;f__CAG-826;g__UBA4951;s__	k_Bacteria;p_Bacillota;	superkingdom:Bacteria	1728917	51.87	254	0.044	94.83	9.2	62.5	0.031	23.783	0.019	15.775	1.283	1346.474	0.022	16.529	0.463	371.395	21.053	17989.118
concoct.49	concoct.49.fa.contigs	DAS	Unclassified Bacteria	k_Bacteria;		268698	34.95	75	0.141	0	0	0	0.195	148.849	0.151	124.305	0.989	1040.204	0.098	73.35	0.943	747.887	20.523	17537.2
concoct.217	concoct.217.fa_sub.contigs	DAS	Unclassified Bacteria	k_Bacteria;		780652	33.54	457	0.146	6.9	0	0	52.232	39938.788	43.072	35225.36	34.849	36510.1	40.954	30490.887	20.989	16692.998	20.36	17408.9
metabat2.112	metabat2.112.fa.contigs	DAS	d__Bacteria;p__Spirochaetota;c__Spirochaetia;o__Treponematales;f__Treponemataceae;g__Treponema_D;s__	k_Bacteria;p_Spirochaetota;c_Spirochaetia;o_Spirochaetales;f_Treponemataceae;g_Treponema;		1640390	51.54	157	0.076	70.98	2.11	12.5	0.039	30.203	0.045	36.694	0.091	95.128	0.045	32.907	0.232	185.552	20.331	17365.226
metabat2.71	metabat2.71.fa.contigs	DAS	d__Bacteria;p__Cloacimonadota;c__Cloacimonadia;o__Cloacimonadales;f__Cloacimonadaceae;g__Syntrophosphaera;s__Syntrophosphaera thermopropionivorans	k_Bacteria;p_Candidatus Cloacimonadota;		1707776	36.4	305	0	79.6	10.5	85.71	53.205	40470.381	63.759	51776.156	68.56	71312.007	82.979	61269.519	37.851	29843.227	18.772	15920.541
concoct.62	concoct.62.fa_sub.contigs	DAS	Unclassified Bacteria	k_Bacteria;p_Bacillota;c_Clostridia;		277150	43.67	127	0.695	1.82	0	0	0.236	179.171	0.151	123.549	0.847	883.669	0.35	258.378	4.972	3969.404	17.456	14874.433
concoct.32	concoct.32.fa.contigs	DAS	d__Bacteria;p__Bacteroidota;c__Bacteroidia;o__Bacteroidales;f__Paludibacteraceae;g__UBA4345;s__UBA4345 sp937872735	k_Bacteria;p_Bacteroidota;c_Bacteroidia;o_Bacteroidales;	superkingdom:Bacteria;clade:FCB group;clade:Bacteroidota/Chlorobiota group;phylum:Bacteroidota;class:Bacteroidia;order:Bacteroidales	3482049	44.99	338	0.062	97.57	5.34	42.86	0.112	86.727	0.149	122.698	5.798	6088.876	0.12	90.594	0.331	266.449	16.45	14072.177
metabat2.175	metabat2.175.fa.contigs	DAS	d__Bacteria;p__Chloroflexota;c__Anaerolineae;o__Anaerolineales;f__Anaerolineaceae;g__T78;s__	k_Bacteria;p_Chloroflexota;c_Anaerolineae;o_Anaerolineales;f_Anaerolineaceae;s_Anaerolineaceae bacterium;		1356292	48.47	351	0	45.85	18.03	100	23.791	18128.046	21.664	17618.31	13.968	14557.108	26.57	19653.487	6.099	4817.977	13.334	11334.186
metabat2.54	metabat2.54.fa_sub.contigs	DAS	d__Bacteria;p__Bacillota_A;c__Clostridia;o__Acetivibrionales;f__DTU013;g__JAEYRB01;s__	k_Bacteria;p_Bacillota;c_Clostridia;o_Eubacteriales;		2611316	41.81	174	0.038	89.09	1.82	0	0.051	38.678	0.034	27.376	0.101	105.916	0.052	38.409	0.758	604.949	13.236	11294.384
concoct.290	concoct.290.fa.contigs	DAS	d__Bacteria;p__Bacillota_I;c__Bacilli_A;o__RFN20;f__CAG-288;g__Enterosoma;s__	k_Bacteria;p_Bacillota;	superkingdom:Bacteria;clade:Terrabacteria group;phylum:Mycoplasmatota;class:Mollicutes;order:Anaeroplasmatales;family:Anaeroplasmataceae;genus:Asteroleplasma	1885771	51.18	51	0	96.55	0	0	0.004	2.919	0.003	2.612	0.95	1002.942	0.005	3.542	0.035	28.523	13.124	11240.695
concoct.42	concoct.42.fa.contigs	DAS	d__Bacteria;p__Synergistota;c__Synergistia;o__Synergistales;f__Acetomicrobiaceae;g__Acetomicrobium;s__Acetomicrobium flavidum	k_Bacteria;p_Synergistota;c_Synergistia;o_Synergistales;f_Acetomicrobiaceae;g_Acetomicrobium;		3706109	46.65	865	0.256	98.62	15.49	54.41	5.107	3902.214	5.523	4503.295	11.065	11558.837	11.133	8251.074	33.018	26188.949	12.782	10887.949
concoct.213	concoct.213.fa.contigs	DAS	d__Bacteria;p__Bacillota_A;c__Clostridia;o__Clostridiales;f__Caloramatoraceae;g__UBA4839;s__	k_Bacteria;p_Bacillota;c_Clostridia;o_Eubacteriales;f_Clostridiaceae;	superkingdom:Bacteria;clade:Terrabacteria group;phylum:Bacillota;class:Clostridia;order:Eubacteriales;family:Clostridiaceae;genus:Fonticella	2936423	32.08	247	0.065	97.52	4.93	18.75	0.016	12.052	0.014	11.415	2.731	2850.495	0.018	13.349	1.747	1389.112	10.925	9310.266
concoct.126	concoct.126.fa.contigs	DAS	d__Bacteria;p__Acidobacteriota;c__Aminicenantia;o__Aminicenantales;f__Saccharicenantaceae;g__Saccharicenans;s__Saccharicenans sp002316315	k_Bacteria;p_Candidatus Aminicenantes;		3176993	45.49	237	0.422	99.14	1.72	0	8.999	6874.689	6.703	5470.223	8.884	9313.891	9.372	6953.445	7.613	6061.868	10.882	9306.61
concoct.86	concoct.86.fa_sub.contigs	DAS	d__Bacteria;p__Bacillota_A;c__Clostridia;o__Oscillospirales;f__Acutalibacteraceae;g__Caproiciproducens;s__	k_Bacteria;p_Bacillota;c_Clostridia;o_Eubacteriales;f_Oscillospiraceae;	superkingdom:Bacteria;clade:FCB group;clade:Bacteroidota/Chlorobiota group;phylum:Bacteroidota;class:Bacteroidia;order:Bacteroidales	2158455	48.68	1123	0.26	63.63	21.93	27.91	0.007	5.413	0.004	3.729	0.172	181.487	0.005	4.464	1.633	1305.456	10.032	8585.191
metabat2.99	metabat2.99.fa_sub.contigs	DAS	d__Bacteria;p__Actinomycetota;c__Actinomycetes;o__Mycobacteriales;f__Mycobacteriaceae;g__Mycobacterium;s__Mycobacterium sp022708865	k_Bacteria;p_Actinomycetota;c_Actinomycetes;o_Mycobacteriales;f_Mycobacteriaceae;	superkingdom:Bacteria;clade:Terrabacteria group;phylum:Actinomycetota;class:Actinomycetes;order:Mycobacteriales;family:Mycobacteriaceae;genus:Mycobacterium	9841816	68.28	1220	0.012	94.28	105.96	46.92	5.9	4562.585	4.802	3965.083	6.467	6843.573	6.995	5249.466	5.211	4174.805	9.646	8335.14
metabat2.77	metabat2.77.fa.contigs	DAS	d__Bacteria;p__Chloroflexota;c__Anaerolineae;o__B4-G1;f__SLSP01;g__JAAZNO01;s__JAAZNO01 sp018055515	k_Bacteria;p_Chloroflexota;		3197745	62.68	297	0	87.93	1.72	100	83.216	63966.211	72.169	59197.489	27.156	28748.728	97.734	72909.577	4.488	3646.119	9.376	8090.442
concoct.70	concoct.70.fa_sub.contigs	DAS	d__Bacteria;p__Bacillota_A;c__Clostridia;o__Oscillospirales;f__Ruminococcaceae;g__SZUA-444;s__	k_Bacteria;p_Bacillota;c_Clostridia;		1747768	36.44	256	0.351	6.55	0	0	2.096	1602.822	2.385	1945.618	1.676	1758.929	5.525	4107.839	91.541	73052.37	9.381	8013.286
concoct.281	concoct.281.fa.contigs	DAS	Unclassified			284572	39.29	117	0				5.501	4215.975	5.638	4623.918	6.77	7105.4	6.44	4794.219	3.311	2641.338	9.069	7766.964
concoct.69	concoct.69.fa.contigs	DAS	d__Bacteria;p__Bacillota_I;c__Bacilli_A;o__RFN20;f__CAG-826;g__UBA4951;s__	k_Bacteria;p_Bacillota;		865474	51.11	563	0.198	18.71	0	0	0.011	8.827	0.011	8.607	0.65	680.707	0.005	3.922	0.301	240.327	8.622	7370.105
concoct.55	concoct.55.fa_sub.contigs	DAS	d__Bacteria;p__Pseudomonadota;c__Gammaproteobacteria;o__Burkholderiales;f__Rhodocyclaceae;g__Zoogloea;s__Zoogloea ramigera	k_Bacteria;p_Pseudomonadota;c_Betaproteobacteria;o_Rhodocyclales;f_Zoogloeaceae;g_Zoogloea;		4093346	68.17	1930	0.052	83.07	17.37	56.52	0.781	603.595	0.884	729.737	4.043	4289.014	0.808	607.398	1.94	1588.496	8.417	7295.188
concoct.216	concoct.216.fa.contigs	DAS	d__Bacteria;p__Cloacimonadota;c__Cloacimonadia;o__Cloacimonadales;f__Cloacimonadaceae;g__Syntrophosphaera;s__	k_Bacteria;p_Candidatus Cloacimonadota;		2386383	52.28	53	0.04	98.28	1.72	0	0.932	712.387	2.466	2018.338	11.253	11852.627	1.334	991.532	2.561	2055.027	8.459	7270.249
concoct.253	concoct.253.fa_sub.contigs	DAS	d__Bacteria;p__Pseudomonadota;c__Gammaproteobacteria;o__Burkholderiales;f__Rhodocyclaceae;g__Zoogloea;s__	k_Bacteria;	superkingdom:Bacteria;phylum:Pseudomonadota;class:Alphaproteobacteria;order:Hyphomicrobiales;family:Reyranellaceae;genus:Reyranella|superkingdom:Bacteria;phylum:Pseudomonadota;class:Betaproteobacteria;order:Burkholderiales|superkingdom:Bacteria;phylum:Pseudomonadota;class:Betaproteobacteria;order:Burkholderiales;family:Comamonadaceae;genus:Ottowia|superkingdom:Bacteria;phylum:Pseudomonadota;class:Betaproteobacteria;order:Burkholderiales;family:Comamonadaceae;genus:Simplicispira|superkingdom:Bacteria;phylum:Pseudomonadota;class:Betaproteobacteria;order:Neisseriales;family:Aquaspirillaceae;genus:Laribacter	10611605	59.02	3804	0.025	20.38	3.29	16.67	2.471	1898.771	2.461	2020.387	4.991	5263.99	2.228	1665.023	3.019	2422.905	7.755	6670.576
concoct.44	concoct.44.fa_sub.contigs	DAS	d__Archaea;p__Methanobacteriota;c__Methanobacteria;o__Methanobacteriales;f__Methanobacteriaceae;g__Methanobacterium;s__Methanobacterium sp012838205	k_Archaea;p_Euryarchaeota;c_Methanomicrobia;o_Methanomicrobiales;f_Methanomicrobiaceae;		1815148	56.58	651	0.259	18.58	7.01	47.27	14.055	10799.984	12.301	10105.794	12.862	13577.12	10.615	7935.194	13.773	11090.436	7.762	6667.672
metabat2.18	metabat2.18.fa.contigs	DAS	d__Bacteria;p__Patescibacteria;c__Paceibacteria;o__UBA6257;f__;g__;s__	k_Bacteria;	superkingdom:Bacteria	532284	30.46	25	0	79.44	1.72	100	62.722	47766.543	16.72	13584.815	54.813	57126.081	21.549	15927.257	6.838	5389.359	7.73	6585.127
metabat2.88	metabat2.88.fa.contigs	DAS	d__Bacteria;p__Pseudomonadota;c__Gammaproteobacteria;o__Burkholderiales;f__Rhodocyclaceae;g__SSSZ01;s__SSSZ01 sp009469685	k_Bacteria;p_Pseudomonadota;c_Betaproteobacteria;	superkingdom:Bacteria;phylum:Pseudomonadota;class:Betaproteobacteria	3366432	63.18	326	0.066	79.67	3.19	31.58	0.89	686.674	0.962	791.769	3.214	3404.011	0.817	611.867	1.225	996.146	7.51	6492.88
concoct.209	concoct.209.fa.contigs	DAS	d__Bacteria;p__Actinomycetota;c__Actinomycetes;o__Actinomycetales;f__Microbacteriaceae;g__Pseudoclavibacter_A;s__Pseudoclavibacter_A caeni	k_Bacteria;p_Actinomycetota;c_Actinomycetes;o_Micrococcales;f_Microbacteriaceae;g_Pseudoclavibacter;s_Pseudoclavibacter caeni;	superkingdom:Bacteria;clade:Terrabacteria group;phylum:Bacillota;class:Clostridia;order:Eubacteriales;family:Lachnospiraceae	1688803	70.9	712	0.053	68.15	5.18	16.67	0.117	89.941	0.087	71.712	0.384	408.111	0.105	78.321	0.575	462.713	7.37	6406.64
concoct.221	concoct.221.fa_sub.contigs	DAS	d__Bacteria;p__Bacillota_A;c__Clostridia;o__Tissierellales;f__Sporanaerobacteraceae;g__Sporanaerobacter;s__Sporanaerobacter sp029779375	k_Bacteria;		1528520	30.52	559	0.13	40.67	0	0	0.436	332.074	0.376	307.258	11.575	12079.828	0.418	310.821	1.011	805.136	7.487	6386.512
metabat2.67	metabat2.67.fa.contigs	DAS	d__Bacteria;p__Actinomycetota;c__Actinomycetes;o__Mycobacteriales;f__Mycobacteriaceae;g__Mycobacterium;s__Mycobacterium sp020438785	k_Bacteria;p_Actinomycetota;c_Actinomycetes;o_Mycobacteriales;f_Mycobacteriaceae;		5466613	69.18	366	0	92.83	25.38	82.68	8.076	6257.427	7.87	6502.908	8.473	8974.768	10.835	8141.277	7.936	6375.561	7.343	6353.36
concoct.117	concoct.117.fa_sub.contigs	DAS	d__Bacteria;p__Bacillota_A;c__Clostridia;o__Lachnospirales;f__Lachnospiraceae;g__CAG-791;s__CAG-791 sp900317475	k_Bacteria;p_Bacillota;c_Clostridia;o_Eubacteriales;f_Lachnospiraceae;		2332430	52.59	1049	0.343	66.29	3.62	0	0.005	3.613	0.004	3.451	0.106	111.659	0.006	4.788	0.177	140.94	7.329	6255.921
concoct.153	concoct.153.fa_sub.contigs	DAS	d__Bacteria;p__Pseudomonadota;c__Gammaproteobacteria;o__Burkholderiales;f__Rhodocyclaceae;g__SSSZ01;s__SSSZ01 sp009469685	k_Bacteria;p_Pseudomonadota;c_Betaproteobacteria;		1306335	60.59	190	0.392	20.79	0.24	0	1.307	1004.237	1.418	1163.258	4.451	4698.952	1.368	1021.909	1.772	1433.613	7.01	6046.324
concoct.248	concoct.248.fa.contigs	DAS	d__Bacteria;p__Chloroflexota;c__Anaerolineae;o__Anaerolineales;f__Anaerolineaceae;g__UBA3924;s__	k_Bacteria;p_Chloroflexota;		4233068	59.26	74	0	98.28	0	0	10.832	8321.471	12.664	10380.715	13.584	14319.375	20.129	15013.168	0.372	298.825	6.851	5905.257
concoct.91	concoct.91.fa_sub.contigs	DAS	d__Bacteria;p__Pseudomonadota;c__Gammaproteobacteria;o__Burkholderiales;f__Rhodocyclaceae;g__Azospira_A;s__	k_Bacteria;p_Pseudomonadota;c_Betaproteobacteria;o_Rhodocyclales;f_Rhodocyclaceae;		3795935	63.9	878	0.248	87.03	26.38	83.54	2.178	1677.176	2.435	2001.21	5.648	5979.101	2.081	1557.553	1.799	1462.365	6.749	5829.89
concoct.223	concoct.223.fa.contigs	DAS	Unclassified	k_Bacteria;	superkingdom:Bacteria	109784	33.84	65	0.303	0.86	0	0	4.19	3271.623	4.869	4101.752	9.608	10056.22	3.714	2808.572	12.488	10031.285	6.812	5816.55
concoct.155	concoct.155.fa.contigs	DAS	d__Bacteria;p__Pseudomonadota;c__Gammaproteobacteria;o__Burkholderiales;f__Burkholderiaceae;g__Piscinibacter;s__Piscinibacter sp017983795	k_Bacteria;p_Pseudomonadota;c_Betaproteobacteria;		3787417	69.98	1965	0.058	76.37	8.79	40.54	0.447	345.011	0.511	421.59	5.265	5622.345	0.537	401.965	1.265	1036.368	6.326	5506.823
concoct.96	concoct.96.fa_sub.contigs	DAS	d__Bacteria;p__Actinomycetota;c__Acidimicrobiia;o__Acidimicrobiales;f__Microtrichaceae;g__AWTP1-35;s__AWTP1-35 sp003962875	k_Bacteria;p_Actinomycetota;	superkingdom:Bacteria;clade:Terrabacteria group;phylum:Actinomycetota;class:Actinomycetes;order:Propionibacteriales;family:Propionibacteriaceae|superkingdom:Bacteria;clade:Terrabacteria group;phylum:Actinomycetota;class:Thermoleophilia;order:Solirubrobacterales	4949793	70.3	175	0	98.28	45.38	0	6.052	4710.013	5.843	4855.941	11.078	11798.058	7.2	5436.592	6.184	4997.34	6.062	5272.729
metabat2.193	metabat2.193.fa.contigs	DAS	d__Archaea;p__Halobacteriota;c__Methanosarcinia;o__Methanosarcinales;f__Methanosarcinaceae;g__Methanosarcina;s__Methanosarcina thermophila	k_Archaea;p_Euryarchaeota;c_Methanomicrobia;o_Methanosarcinales;f_Methanosarcinaceae;g_Methanosarcina;	superkingdom:Archaea;phylum:Euryarchaeota;clade:Stenosarchaea group;class:Methanomicrobia;order:Methanosarcinales;family:Methanosarcinaceae;genus:Methanosarcina	2953822	41.45	51	0.116	88.03	3.96	9.52	38.588	29471.935	47.701	38878.928	5.655	5908.392	43.999	32592.379	45.351	35998.197	6	5114.494
concoct.0	concoct.0.fa_sub.contigs	DAS	d__Bacteria;p__Cloacimonadota;c__Cloacimonadia;o__Cloacimonadales;f__Cloacimonadaceae;g__Syntrophosphaera;s__Syntrophosphaera thermopropionivorans	k_Bacteria;p_Candidatus Cloacimonadota;		2505297	34.69	1269	0.121	65.18	29.02	79.41	16.975	12917.96	19.947	16212.591	21.945	22839.724	26.007	19214.975	11.853	9359.92	5.977	5073.987
concoct.56	concoct.56.fa_sub.contigs	DAS	d__Bacteria;p__Actinomycetota;c__Actinomycetes;o__Mycobacteriales;f__Mycobacteriaceae;g__Mycobacterium;s__Mycobacterium sp022708865	k_Bacteria;p_Actinomycetota;c_Actinomycetes;o_Mycobacteriales;f_Mycobacteriaceae;		5200406	66.7	396	0.317	36.89	10.24	31.58	4.808	3712.547	4.284	3529.749	5.29	5589.842	6.019	4507.533	4.701	3765.107	5.712	4923.343
metabat2.59	metabat2.59.fa.contigs	DAS	d__Bacteria;p__Bacillota_A;c__Clostridia;o__Oscillospirales;f__Oscillospiraceae;g__UBA2658;s__	k_Bacteria;p_Bacillota;c_Clostridia;o_Eubacteriales;		1423652	56.58	279	0	71.66	2.95	25	0.281	215.042	0.271	221.025	0.648	678.827	0.164	121.904	2.493	1985.901	5.708	4887.261
concoct.3	concoct.3.fa_sub.contigs	DAS	d__Bacteria;p__Spirochaetota;c__Spirochaetia;o__Treponematales;f__Treponemataceae;g__Treponema_D;s__	k_Bacteria;p_Spirochaetota;c_Spirochaetia;o_Spirochaetales;f_Treponemataceae;g_Treponema;		2178169	49.3	1097	0.395	65.59	5.16	8.33	0.123	94.543	0.105	85.331	0.253	263.838	0.146	107.978	0.545	433.792	5.692	4851.566
concoct.53	concoct.53.fa_sub.contigs	DAS	Unclassified Bacteria	k_Bacteria;	superkingdom:Bacteria;clade:Terrabacteria group;phylum:Bacillota;class:Erysipelotrichia;order:Erysipelotrichales;family:Erysipelotrichaceae;genus:Bulleidia|superkingdom:Bacteria;phylum:Pseudomonadota;class:Betaproteobacteria;order:Burkholderiales;family:Comamonadaceae;genus:Brachymonas	9636844	38.6	3301	0.146	7.37	0	0	1.869	1427.315	1.924	1569.34	3.734	3909.627	1.919	1423.757	2.222	1764.935	5.641	4821.615
concoct.274	concoct.274.fa_sub.contigs	DAS	d__Bacteria;p__Actinomycetota;c__Actinomycetes;o__Mycobacteriales;f__Mycobacteriaceae;g__Mycobacterium;s__	k_Bacteria;p_Actinomycetota;c_Actinomycetes;o_Mycobacteriales;f_Mycobacteriaceae;		4788552	68.1	2912	0.12	63.34	36.29	65.7	3.152	2436.264	2.794	2305.19	3.691	3904.878	4.079	3060.231	2.974	2385.113	5.524	4773.347
concoct.121	concoct.121.fa.contigs	DAS	d__Bacteria;p__Bacteroidota;c__Bacteroidia;o__Bacteroidales;f__UBA932;g__Cryptobacteroides;s__Cryptobacteroides sp022653735	k_Bacteria;p_Bacteroidota;c_Bacteroidia;o_Bacteroidales;		1511559	48.8	842	0.036	59.1	2.27	20	0.002	1.561	0.003	2.782	0.018	19.427	0.003	2.101	0.555	442.899	5.565	4734.581
concoct.230	concoct.230.fa_sub.contigs	DAS	Unclassified	k_Bacteria;		1023397	47.24	445	0.014	0	0	0	2.136	1634.595	1.832	1495.899	3.615	3790.95	1.674	1243.665	1.923	1530.627	5.253	4489.909
concoct.186	concoct.186.fa_sub.contigs	DAS	d__Bacteria;p__Bacillota_A;c__Clostridia;o__Oscillospirales;f__Oscillospiraceae;g__UBA2658;s__	k_Bacteria;p_Bacillota;c_Clostridia;o_Eubacteriales;		697560	54.1	348	0	24.87	3.53	5.88	0.215	165.244	0.199	163.453	0.472	496.116	0.128	95.593	2.222	1774.669	5.215	4455.142
metabat2.198	metabat2.198.fa_sub.contigs	DAS	d__Bacteria;p__Coprothermobacterota;c__Coprothermobacteria;o__Coprothermobacterales;f__Coprothermobacteraceae;g__Coprothermobacter;s__	k_Bacteria;p_Coprothermobacterota;c_Coprothermobacteria;o_Coprothermobacterales;f_Coprothermobacteraceae;g_Coprothermobacter;	superkingdom:Bacteria;phylum:Coprothermobacterota;class:Coprothermobacteria;order:Coprothermobacterales;family:Coprothermobacteraceae;genus:Coprothermobacter	1025064	44.89	134	0.101	55.93	12.08	25.86	0.086	64.993	0.172	140.181	0.685	717.062	0.674	498.943	14.845	11773.115	5.192	4426.208
metabat2.87	metabat2.87.fa.contigs	DAS	d__Bacteria;p__Desulfobacterota;c__Desulfomonilia;o__UBA1062;f__UBA1062;g__UBA1062;s__UBA1062 sp002316295	k_Bacteria;	superkingdom:Bacteria;clade:delta/epsilon subdivisions;class:Deltaproteobacteria	3492967	57.79	149	0	100	1.72	0	29.531	22655.809	18.991	15572.401	5.045	5341.935	20.291	15156.233	1.754	1424.608	5.091	4394.743
concoct.101	concoct.101.fa.contigs	DAS	d__Bacteria;p__Pseudomonadota;c__Gammaproteobacteria;o__Xanthomonadales;f__Rhodanobacteraceae;g__Dokdonella;s__Dokdonella sp016712865	k_Bacteria;p_Pseudomonadota;c_Gammaproteobacteria;o_Xanthomonadales;f_Rhodanobacteraceae;	superkingdom:Bacteria;phylum:Pseudomonadota;class:Gammaproteobacteria;order:Xanthomonadales;family:Xanthomonadaceae	2821488	62.3	1139	0.091	74.12	1.73	50	0.049	37.668	0.046	37.728	2.757	2911.469	0.05	37.177	0.44	356.076	5.083	4371.918
concoct.87	concoct.87.fa_sub.contigs	DAS	d__Bacteria;p__Bacillota_E;c__DTU015;o__DTU015;f__DTU015;g__UBA3907;s__UBA3907 sp002391545	k_Bacteria;p_Bacillota;		348127	47.04	124	0.201	10	0	0	2.233	1707.819	1.933	1586.866	4.598	4822.076	2.629	1957.285	2.507	1993.679	5.07	4355.843
concoct.8	concoct.8.fa.contigs	DAS	d__Bacteria;p__Bacteroidota;c__Bacteroidia;o__Bacteroidales;f__Bacteroidaceae;g__Prevotella;s__	k_Bacteria;p_Bacteroidota;c_Bacteroidia;o_Bacteroidales;f_Prevotellaceae;		864321	49.62	603	0.163	20.2	0.55	0	0.004	3.12	0.003	2.224	0.385	403.419	0.006	4.434	0.011	9.081	4.948	4212.329
metabat2.165	metabat2.165.fa.contigs	DAS	d__Bacteria;p__Bacteroidota;c__Bacteroidia;o__Bacteroidales;f__DTU049;g__DTU049;s__DTU049 sp018056215	k_Bacteria;p_Bacteroidota;c_Bacteroidia;o_Bacteroidales;		2151576	29.01	322	0	85.58	3.99	70.59	61.156	46552.844	44.586	36216.768	12.276	12796.863	67.827	50104.991	96.258	75934.09	4.928	4188.779
concoct.119	concoct.119.fa_sub.contigs	DAS	d__Bacteria;p__Bacillota_A;c__Clostridia;o__Peptostreptococcales;f__Peptostreptococcaceae;g__Romboutsia;s__Romboutsia timonensis	k_Bacteria;p_Bacillota;c_Clostridia;o_Eubacteriales;f_Peptostreptococcaceae;g_Romboutsia;	superkingdom:Bacteria;clade:Terrabacteria group;phylum:Bacillota;class:Clostridia;order:Eubacteriales;family:Peptostreptococcaceae;genus:Romboutsia	5714547	30.69	822	0.467	94.81	12.49	2.86	1.823	1390.042	1.971	1605.646	4.46	4651.651	2.396	1771.44	4.775	3778.096	4.691	3998.42
concoct.94	concoct.94.fa_sub.contigs	DAS	d__Bacteria;p__Pseudomonadota;c__Gammaproteobacteria;o__Burkholderiales;f__Thiobacillaceae;g__PFJX01;s__	k_Bacteria;p_Pseudomonadota;c_Betaproteobacteria;		1922871	65.92	1242	0.348	45.67	6.22	0	0.29	223.423	0.216	178.2	1.618	1713.328	0.166	123.51	0.301	246.354	4.48	3866.366
metabat2.142	metabat2.142.fa_sub.contigs	DAS	d__Bacteria;p__Bacteroidota;c__Bacteroidia;o__Flavobacteriales;f__Weeksellaceae;g__Cloacibacterium;s__	k_Bacteria;p_Bacteroidota;c_Flavobacteriia;o_Flavobacteriales;f_Weeksellaceae;g_Cloacibacterium;		1669745	32.47	422	0.038	52.33	15.26	55.56	0.093	70.984	0.14	113.329	6.216	6485.442	0.177	131.02	0.357	283.976	4.489	3822.973
metabat2.29	metabat2.29.fa_sub.contigs	DAS	d__Bacteria;p__Pseudomonadota;c__Gammaproteobacteria;o__Burkholderiales;f__Burkholderiaceae;g__JADKHE01;s__JADKHE01 sp016721925	k_Bacteria;p_Pseudomonadota;c_Betaproteobacteria;o_Burkholderiales;	superkingdom:Bacteria;phylum:Pseudomonadota;class:Betaproteobacteria;order:Rhodocyclales;family:Azonexaceae;genus:Dechloromonas	4928993	64.31	1129	0.257	70.22	24.7	23.85	1.177	905.589	1.385	1137.89	3.293	3482.985	1.336	1001.712	1.572	1274.951	4.365	3767.335
concoct.27	concoct.27.fa_sub.contigs	DAS	d__Bacteria;p__Pseudomonadota;c__Gammaproteobacteria;o__Burkholderiales;f__Burkholderiaceae;g__Acidovorax;s__Acidovorax temperans	k_Bacteria;p_Pseudomonadota;c_Betaproteobacteria;o_Burkholderiales;f_Comamonadaceae;g_Acidovorax;		4350486	63.06	2632	0.355	81.85	38.61	30.47	0.451	347.177	0.597	490.278	6.224	6562.475	0.58	433.348	1.517	1235.605	4.365	3766.403
concoct.178	concoct.178.fa.contigs	DAS	d__Bacteria;p__Actinomycetota;c__Actinomycetes;o__Mycobacteriales;f__Mycobacteriaceae;g__Mycobacterium;s__	k_Bacteria;p_Actinomycetota;c_Actinomycetes;o_Mycobacteriales;f_Mycobacteriaceae;	superkingdom:Bacteria;clade:Terrabacteria group;phylum:Actinomycetota;class:Actinomycetes;order:Mycobacteriales;family:Mycobacteriaceae;genus:Mycobacterium	4344375	64.64	448	0.022	90.24	2.73	46.15	0.698	537.893	1.04	854.361	1.53	1610.918	2.303	1720.986	2.215	1770.209	4.31	3711.069
metabat2.65	metabat2.65.fa.contigs	DAS	d__Bacteria;p__Actinomycetota;c__Acidimicrobiia;o__Acidimicrobiales;f__Microtrichaceae;g__AWTP1-35;s__AWTP1-35 sp003962875	k_Bacteria;p_Actinomycetota;c_Acidimicrobiia;o_Acidimicrobiales;f_Microthrixaceae;		2810080	71.34	346	0.015	53.92	4.31	100	3.686	2868.593	1.719	1426.232	5.889	6264.728	1.652	1244.811	2.644	2130.053	4.152	3615.855
metabat2.94	metabat2.94.fa.contigs	DAS	d__Bacteria;p__Bacillota_A;c__Clostridia;o__Tissierellales;f__Sporanaerobacteraceae;g__Sporanaerobacter;s__Sporanaerobacter sp029779375	k_Bacteria;p_Bacillota;c_Tissierellia;o_Tissierellales;f_Sporanaerobacteraceae;g_Sporanaerobacter;s_Sporanaerobacter acetigenes;	superkingdom:Bacteria;clade:Terrabacteria group;phylum:Bacillota;class:Tissierellia;order:Tissierellales;family:Sporanaerobacteraceae;genus:Sporanaerobacter	1763735	31.07	126	0.146	87.93	0.86	0	0.591	451.938	0.396	323.026	17.704	18494.892	0.865	640.738	1.233	982.835	4.234	3610.447
concoct.40	concoct.40.fa.contigs	DAS	d__Bacteria;p__Actinomycetota;c__Actinomycetes;o__Propionibacteriales;f__Nocardioidaceae;g__Marmoricola;s__Marmoricola sp020636935	k_Bacteria;p_Actinomycetota;c_Actinomycetes;o_Propionibacteriales;f_Nocardioidaceae;s_Nocardioidaceae bacterium;		3371643	61.37	507	0.01	95.41	24.06	74.31	2.386	1829.256	2.228	1826.575	5.599	5876.691	2.585	1925.286	3.196	2546.716	4.2	3603.915
concoct.242	concoct.242.fa_sub.contigs	DAS	d__Bacteria;p__Bacteroidota;c__Bacteroidia;o__Flavobacteriales;f__Weeksellaceae;g__Cloacibacterium;s__Cloacibacterium sp002422665	k_Bacteria;p_Bacteroidota;c_Flavobacteriia;o_Flavobacteriales;f_Weeksellaceae;g_Cloacibacterium;		2504713	32.71	1573	0.087	65.96	28.03	52.99	0.057	43.553	0.099	80.202	5.812	6059.797	0.124	91.19	0.294	234.887	4.223	3593.661
concoct.239	concoct.239.fa_sub.contigs	DAS	d__Archaea;p__Halobacteriota;c__Methanosarcinia;o__Methanosarcinales;f__Methanosarcinaceae;g__Methanosarcina;s__Methanosarcina thermophila	k_Archaea;p_Euryarchaeota;c_Methanomicrobia;o_Methanosarcinales;f_Methanosarcinaceae;g_Methanosarcina;	superkingdom:Archaea;phylum:Euryarchaeota;clade:Stenosarchaea group;class:Methanomicrobia;order:Methanosarcinales;family:Methanosarcinaceae;genus:Methanosarcina	387442	39.31	52	0	4.25	0.19	100	18.2	13902.608	23.99	19559.575	2.426	2547.518	19.419	14376.578	80.656	64490.946	4.083	3493.002
concoct.25	concoct.25.fa_sub.contigs	DAS	d__Bacteria;p__Bacillota_A;c__Clostridia;o__Tissierellales;f__;g__;s__	k_Bacteria;		3206290	39	2372	0.027	33.94	10.06	6.67	0	0.14	0	0.187	1.744	1822.569	0.001	0.512	0.834	663.871	4.079	3474.584
metabat2.110	metabat2.110.fa.contigs	DAS	d__Archaea;p__Halobacteriota;c__Methanomicrobia;o__Methanomicrobiales;f__Methanoculleaceae;g__Methanoculleus;s__Methanoculleus sp002497965	k_Archaea;p_Euryarchaeota;c_Methanomicrobia;o_Methanomicrobiales;f_Methanomicrobiaceae;	superkingdom:Archaea;phylum:Euryarchaeota;clade:Stenosarchaea group;class:Methanomicrobia;order:Methanomicrobiales;family:Methanomicrobiaceae;genus:Methanoculleus	1697178	59.9	177	0	81.94	3.05	46.15	27.944	21483.672	25.438	20908.287	11.711	12353.587	16.884	12656.988	29.207	23538.549	3.96	3404.835
concoct.252	concoct.252.fa_sub.contigs	DAS	d__Bacteria;p__Spirochaetota;c__Spirochaetia;o__Treponematales;f__Rectinemataceae;g__Rectinema;s__Rectinema sp003452735	k_Bacteria;p_Spirochaetota;		2895937	45.04	507	0.013	92.24	10.34	33.33	21.167	16171.695	22.45	18306.962	14.518	15187.216	29.142	21615.106	5.826	4641.832	3.883	3312.737
concoct.174	concoct.174.fa_sub.contigs	DAS	d__Bacteria;p__Bacillota_A;c__Clostridia;o__Lachnospirales;f__Lachnospiraceae;g__JAGPKJ01;s__JAGPKJ01 sp018053995	k_Bacteria;p_Bacillota;c_Clostridia;o_Eubacteriales;		902438	45.67	287	0.331	1.94	0	0	2.107	1606.448	1.58	1288.345	7.47	7818.572	1.893	1399.926	3.626	2888.33	3.721	3175.945
metabat2.52	metabat2.52.fa.contigs	DAS	d__Bacteria;p__Cloacimonadota;c__Cloacimonadia;o__Cloacimonadales;f__Cloacimonadaceae;g__Syntrophosphaera;s__	k_Bacteria;p_Candidatus Cloacimonadota;		260229	36.52	48	0	20.69	0	0	11.088	8453.112	11.351	9235.243	14.659	15267.788	14.149	10452.985	6.904	5453.934	3.714	3153.514
concoct.168	concoct.168.fa_sub.contigs	DAS	d__Bacteria;p__Thermotogota;c__Thermotogae;o__Petrotogales;f__Petrotogaceae;g__Defluviitoga;s__Defluviitoga tunisiensis	k_Bacteria;p_Bacillota;		3344770	31.56	694	0.462	98.28	30.77	24.32	1.529	1165.73	0.269	218.971	4.513	4712.235	0.447	331.027	15.491	12324.01	3.517	2992.486
metabat2.187	metabat2.187.fa_sub.contigs	DAS	d__Bacteria;p__Actinomycetota;c__Actinomycetes;o__Mycobacteriales;f__Mycobacteriaceae;g__Mycobacterium;s__	k_Bacteria;p_Actinomycetota;c_Actinomycetes;o_Mycobacteriales;f_Mycobacteriaceae;		1222494	66.51	324	0.09	12.89	0.09	0	1.386	1067.872	1.413	1165.888	1.856	1963.489	2.05	1536.154	1.392	1111.678	3.365	2900.281
concoct.35	concoct.35.fa_sub.contigs	DAS	d__Bacteria;p__Caldisericota;c__Caldisericia;o__UBA6126;f__JAGPKI01;g__JAGPKI01;s__JAGPKI01 sp018054005	k_Bacteria;	superkingdom:Bacteria	2404039	32.38	499	0.025	66.51	8.46	1.72	16.881	12872.114	12.871	10476.16	16.09	16787.842	23.409	17331.764	8.652	6845.475	3.391	2891.645
concoct.198	concoct.198.fa_sub.contigs	DAS	d__Bacteria;p__Pseudomonadota;c__Gammaproteobacteria;o__Burkholderiales;f__Burkholderiaceae;g__JADKHE01;s__JADKHE01 sp016721925	k_Bacteria;p_Pseudomonadota;c_Betaproteobacteria;o_Burkholderiales;	superkingdom:Bacteria;phylum:Pseudomonadota;class:Betaproteobacteria;order:Burkholderiales;family:Comamonadaceae	4667386	64.76	1987	0.176	69.04	40.46	8.65	1.239	954.349	1.322	1087.247	2.745	2902.88	1.476	1105.457	1.612	1308.031	3.267	2822.799
concoct.128	concoct.128.fa.contigs	DAS	d__Bacteria;p__Actinomycetota;c__Thermoleophilia;o__Solirubrobacterales;f__70-9;g__67-14;s__67-14 sp019694145	k_Bacteria;p_Actinomycetota;c_Thermoleophilia;o_Solirubrobacterales;		3235227	64.74	225	0.068	77.5	4.67	40.62	6.602	5085.902	5.488	4512.414	13.454	14177.891	6.701	5006.843	6.111	4882.316	3.251	2801.243
concoct.171	concoct.171.fa_sub.contigs	DAS	d__Bacteria;p__Thermotogota;c__Thermotogae;o__Thermotogales;f__Fervidobacteriaceae;g__Fervidobacterium;s__Fervidobacterium sp003526765	k_Bacteria;p_Thermotogota;c_Thermotogae;o_Thermotogales;f_Fervidobacteriaceae;g_Fervidobacterium;	superkingdom:Bacteria;phylum:Thermotogota;class:Thermotogae;order:Thermotogales;family:Fervidobacteriaceae;genus:Fervidobacterium	3733542	39.36	976	0.484	96.61	50.85	77.01	28.537	21801.059	39.733	32394.484	13.218	13842.314	20.188	14966.297	32.107	25513.584	3.278	2796.445
concoct.10	concoct.10.fa.contigs	DAS	d__Bacteria;p__Bacillota_A;c__Clostridia;o__DSM-8532;f__DSM-8532;g__Thermoclostridium_A;s__	k_Bacteria;p_Bacillota;c_Clostridia;o_Eubacteriales;		1735366	51.4	870	0.003	77.14	2.18	0	0.028	21.558	0.015	12.601	0.09	93.642	0.028	20.632	3.743	2974.556	3.117	2658.217
metabat2.45	metabat2.45.fa_sub.contigs	DAS	d__Bacteria;p__Bacillota_A;c__Clostridia;o__Tissierellales;f__Sporanaerobacteraceae;g__;s__	k_Bacteria;p_Bacillota;		783024	32.69	220	0.029	38.26	0	0	0.066	50.217	0.059	47.873	0.522	545.242	0.107	78.727	3.846	3064.799	2.975	2534.107
metabat2.68	metabat2.68.fa.contigs	DAS	d__Bacteria;p__Bacillota_A;c__Clostridia;o__Lachnospirales;f__Lachnospiraceae;g__JAGPKJ01;s__JAGPKJ01 sp018053995	k_Bacteria;p_Bacillota;c_Clostridia;o_Eubacteriales;f_Lachnospiraceae;	superkingdom:Bacteria;clade:Terrabacteria group;phylum:Bacillota;class:Clostridia;order:Eubacteriales;family:Lachnospiraceae	2460593	42.64	137	0.043	94.65	2.6	50	1.747	1335.323	1.38	1124.314	6.346	6651.682	1.358	1007.061	3.352	2660.808	2.872	2457.853
concoct.164	concoct.164.fa_sub.contigs	DAS	d__Bacteria;p__Bacteroidota;c__Bacteroidia;o__AKYH767-A;f__OLB10;g__OLB10;s__OLB10 sp963169685	k_Bacteria;p_Bacteroidota;	superkingdom:Bacteria;clade:FCB group;clade:Bacteroidota/Chlorobiota group;phylum:Bacteroidota;class:Chitinophagia;order:Chitinophagales;family:Chitinophagaceae;genus:Terrimonas	3630932	37.6	1560	0.01	82.76	41.47	8.89	0.31	236.579	0.437	355.944	3.281	3428.427	0.359	265.976	0.261	208.062	2.807	2394.946
metabat2.119	metabat2.119.fa.contigs	DAS	d__Bacteria;p__Bacillota_E;c__DTU015;o__DTU015;f__DTU015;g__UBA3907;s__UBA3907 sp018052455	k_Bacteria;p_Bacillota;s_Bacillota bacterium;		1584835	47.86	54	0	83.86	0	0	9.451	7232.75	8.713	7108.752	3.805	3994.473	11.975	8876.258	0.874	697.869	2.751	2359.101
metabat2.117	metabat2.117.fa_sub.contigs	DAS	d__Bacteria;p__Pseudomonadota;c__Alphaproteobacteria;o__Sphingomonadales;f__Sphingomonadaceae;g__Aquisediminimonas;s__Aquisediminimonas sp016704425	k_Bacteria;p_Pseudomonadota;c_Alphaproteobacteria;o_Sphingomonadales;		244080	60.36	77	0	8.91	0	0	0.296	226	0.235	193.45	2.799	2944.681	0.292	216.674	0.595	480.94	2.635	2266.56
concoct.19	concoct.19.fa_sub.contigs	DAS	d__Bacteria;p__Bacteroidota;c__Bacteroidia;o__Bacteroidales;f__Tannerellaceae;g__Macellibacteroides;s__	k_Bacteria;p_Bacteroidota;c_Bacteroidia;o_Bacteroidales;		2649645	45.75	1767	0.439	51.25	9.02	5.26	0.261	198.944	0.305	248.441	2.256	2358.06	0.289	214.596	0.565	452.006	2.563	2182.034
metabat2.191	metabat2.191.fa_sub.contigs	DAS	d__Bacteria;p__Bacteroidota;c__Bacteroidia;o__Bacteroidales;f__Bacteroidaceae;g__Prevotella;s__	k_Bacteria;p_Bacteroidota;c_Bacteroidia;o_Bacteroidales;f_Prevotellaceae;g_Prevotella;		3127558	37.32	718	0.078	78.24	27.38	62.41	0.167	127.665	0.171	139.601	7.381	7726.464	0.281	208.692	0.532	423.164	2.55	2178.77
concoct.240	concoct.240.fa.contigs	DAS	Unclassified Bacteria	k_Bacteria;p_Bacillota;c_Clostridia;o_Eubacteriales;f_Oscillospiraceae;		233018	58.17	184	0.331	9.24	0	0	0.276	211.176	0.152	123.746	1.289	1357.168	0.416	307.782	0.563	451.264	2.512	2148.612
concoct.176	concoct.176.fa_sub.contigs	DAS	d__Bacteria;p__Pseudomonadota;c__Gammaproteobacteria;o__Burkholderiales;f__Casimicrobiaceae;g__VBCG01;s__	k_Bacteria;p_Pseudomonadota;c_Betaproteobacteria;		2924148	70.38	1955	0.442	53.12	13.92	5.08	0.839	650.993	1.041	862.755	2.463	2625.079	0.959	725.233	0.925	754.846	2.466	2139.085
metabat2.76	metabat2.76.fa_sub.contigs	DAS	d__Bacteria;p__Bacteroidota;c__Bacteroidia;o__Chitinophagales;f__Chitinophagaceae;g__JJ008;s__JJ008 sp002069045	k_Bacteria;p_Bacteroidota;		1166288	37.71	295	0.007	46.32	3.45	0	0.371	283.494	0.458	373.947	3.407	3556.65	0.399	295.449	0.311	246.431	2.505	2135.676
concoct.134	concoct.134.fa.contigs	DAS	d__Bacteria;p__Bacteroidota;c__Bacteroidia;o__Bacteroidales;f__VadinHA17;g__SR-FBR-E99;s__SR-FBR-E99 sp009881065	k_Bacteria;p_Bacteroidota;c_Bacteroidia;o_Bacteroidales;	superkingdom:Bacteria;clade:FCB group;clade:Bacteroidota/Chlorobiota group;phylum:Bacteroidota;class:Bacteroidia;order:Bacteroidales	2735350	49.48	618	0	86.24	2.59	28.57	0.56	428.587	1.551	1267.673	3.154	3306.941	0.461	342.251	0.878	701.621	2.498	2135.121
concoct.282	concoct.282.fa.contigs	DAS	d__Bacteria;p__Pseudomonadota;c__Gammaproteobacteria;o__Pseudomonadales;f__Moraxellaceae;g__Moraxella_A;s__Moraxella_A sp002478835	k_Bacteria;p_Pseudomonadota;c_Gammaproteobacteria;o_Moraxellales;f_Moraxellaceae;		2357597	44.03	842	0.022	92.69	11.51	81.69	0.304	232.404	0.426	347.912	8.931	9342.421	0.623	462.482	1.128	903.244	2.49	2133.551
concoct.200	concoct.200.fa.contigs	DAS	d__Bacteria;p__Pseudomonadota;c__Gammaproteobacteria;o__Burkholderiales;f__Neisseriaceae;g__Neisseria;s__Neisseria suis	k_Bacteria;p_Pseudomonadota;c_Betaproteobacteria;o_Neisseriales;f_Neisseriaceae;		530210	55.51	386	0.068	20.41	0.22	0	0.25	192.185	0.289	236.344	2.542	2656.921	0.346	256.074	0.786	628.711	2.447	2100.02
concoct.152	concoct.152.fa_sub.contigs	DAS	d__Bacteria;p__Actinomycetota;c__Actinomycetes;o__Actinomycetales;f__Actinomycetaceae;g__Ancrocorticia;s__	k_Bacteria;p_Actinomycetota;c_Actinomycetes;o_Actinomycetales;f_Actinomycetaceae;	superkingdom:Bacteria;clade:PVC group;phylum:Planctomycetota;class:Planctomycetia;order:Planctomycetales;family:Planctomycetaceae|superkingdom:Bacteria;clade:Terrabacteria group;phylum:Actinomycetota;class:Actinomycetes;order:Micrococcales;family:Intrasporangiaceae;genus:Tetrasphaera|superkingdom:Bacteria;clade:Terrabacteria group;phylum:Actinomycetota;class:Actinomycetes;order:Propionibacteriales;family:Propionibacteriaceae|superkingdom:Bacteria;phylum:Pseudomonadota;class:Alphaproteobacteria;order:Hyphomicrobiales;family:Methylocystaceae;genus:Methylocystis	4575338	58.7	1942	0.478	89.27	46.01	58.71	0.777	595.896	0.498	407.363	2.558	2682.317	0.812	604.963	1.462	1162.823	2.325	1992.386
metabat2.109	metabat2.109.fa_sub.contigs	DAS	d__Bacteria;p__Planctomycetota;c__Planctomycetia;o__Pan216;f__Pan216;g__JAIEPU01;s__			5190857	54.9	866	0				0.997	761.385	1.066	869.004	2.332	2439.187	1.48	1097.632	0.931	740.069	2.287	1951.736
concoct.273	concoct.273.fa_sub.contigs	DAS	d__Bacteria;p__Dependentiae;c__;o__;f__;g__;s__	k_Bacteria;	superkingdom:Bacteria|superkingdom:Bacteria;clade:FCB group;clade:Bacteroidota/Chlorobiota group;phylum:Bacteroidota;class:Bacteroidia;order:Bacteroidales;family:Prevotellaceae;genus:Prevotella	6555873	36.73	4609	0.18	49.16	26.21	1.33	0.482	367.155	0.47	382.271	1.777	1854.351	0.458	339.162	0.715	566.363	2.26	1925.43
concoct.275	concoct.275.fa_sub.contigs	DAS	d__Archaea;p__Methanobacteriota;c__Methanobacteria;o__Methanobacteriales;f__Methanobacteriaceae;g__Methanobacterium;s__Methanobacterium sp012838205	k_Archaea;p_Euryarchaeota;c_Methanobacteria;o_Methanobacteriales;f_Methanobacteriaceae;		1825371	29.01	1011	0.33	70.04	16.36	18.95	0.249	189.258	0.269	217.93	1.643	1712.029	0.441	325.777	1.948	1537.218	2.227	1895.359
concoct.71	concoct.71.fa_sub.contigs	DAS	d__Bacteria;p__Bacillota_A;c__Clostridia;o__Clostridiales;f__Clostridiaceae;g__Clostridium;s__	k_Bacteria;p_Bacillota;		5025353	28.21	2944	0.625	32.76	11.19	50	0.951	724.154	0.907	735.982	1.787	1859.902	1.067	788.043	1	789.041	2.19	1862.9
metabat2.8	metabat2.8.fa_sub.contigs	DAS	d__Bacteria;p__Actinomycetota;c__Actinomycetes;o__Actinomycetales;f__Microbacteriaceae;g__Rhodoglobus;s__Rhodoglobus sp020160915	k_Bacteria;p_Actinomycetota;c_Actinomycetes;o_Micrococcales;f_Microbacteriaceae;		840906	63.49	207	0.295	23.69	0.13	0	1.896	1452.385	1.891	1550.498	2.103	2208.921	2.61	1944.036	1.271	1010.669	2.129	1823.962
concoct.234	concoct.234.fa_sub.contigs	DAS	d__Bacteria;p__Bacteroidota;c__Bacteroidia;o__Bacteroidales;f__Bacteroidaceae;g__Prevotella;s__Prevotella sp018053665	k_Bacteria;p_Bacteroidota;c_Bacteroidia;o_Bacteroidales;f_Prevotellaceae;g_Prevotella;		2224505	37.82	1306	0.091	51.26	16.64	73.39	0.091	69.847	0.114	93.546	6.222	6514.735	0.208	153.622	0.393	313.405	2.136	1822.091
concoct.112	concoct.112.fa_sub.contigs	DAS	d__Bacteria;p__Bacteroidota;c__Bacteroidia;o__Bacteroidales;f__UBA932;g__Bact-08;s__Bact-08 sp018433265	k_Bacteria;	superkingdom:Archaea;phylum:Euryarchaeota;clade:Stenosarchaea group;class:Methanomicrobia;order:Methanosarcinales;family:Methanosarcinaceae;genus:Methanosarcina|superkingdom:Bacteria;clade:FCB group;clade:Bacteroidota/Chlorobiota group;phylum:Bacteroidota;class:Bacteroidia;order:Bacteroidales	4788799	40.47	1158	0.071	95.45	6.1	7.14	6.043	4614.213	4.856	3956.024	1.452	1520.328	3.78	2802.434	5.931	4709.36	2.117	1803.651
metabat2.115	metabat2.115.fa_sub.contigs	DAS	d__Bacteria;p__Pseudomonadota;c__Alphaproteobacteria;o__Reyranellales;f__Reyranellaceae;g__Reyranella;s__	k_Bacteria;p_Pseudomonadota;c_Alphaproteobacteria;		2635849	64.28	664	0.089	32.79	1.76	0	1.169	897.971	1.209	990.622	2.563	2700.59	1.653	1231.467	1.487	1190.448	2.097	1802.266
concoct.265	concoct.265.fa_sub.contigs	DAS	d__Bacteria;p__Planctomycetota;c__Planctomycetia;o__Pan216;f__Pan216;g__JAIEPU01;s__			622989	54.6	310	0				0.932	713.945	0.967	788.387	2.13	2228.909	1.323	979.316	0.849	677.002	2.085	1777.632
concoct.48	concoct.48.fa_sub.contigs	DAS	d__Bacteria;p__Chloroflexota;c__Anaerolineae;o__Caldilineales;f__Caldilineaceae;g__JAPLGZ01;s__	k_Bacteria;p_Chloroflexota;		3312690	53.14	2232	0.331	38.69	7.21	0	0.651	498.027	0.605	493.794	1.543	1614.312	0.706	523.99	0.914	727.043	2.067	1767.013
metabat2.98	metabat2.98.fa_sub.contigs	DAS	d__Bacteria;p__Caldisericota;c__Caldisericia;o__UBA6126;f__JAGPKI01;g__JAGPKI01;s__JAGPKI01 sp018054005	k_Bacteria;p_Caldisericota;c_Caldisericia;	superkingdom:Bacteria	1619392	31.56	207	0.147	90.52	1.72	100	5.504	4194.457	3.194	2596.051	3.368	3515.813	4.845	3580.459	0.679	537.429	2.065	1759.426
concoct.77	concoct.77.fa_sub.contigs	DAS	d__Bacteria;p__Chlamydiota;c__Chlamydiia;o__;f__;g__;s__	k_Bacteria;	superkingdom:Bacteria;clade:FCB group;clade:Bacteroidota/Chlorobiota group;phylum:Bacteroidota;class:Bacteroidia;order:Bacteroidales|superkingdom:Bacteria;clade:FCB group;clade:Bacteroidota/Chlorobiota group;phylum:Bacteroidota;class:Bacteroidia;order:Bacteroidales;family:Rikenellaceae;genus:Anaerocella|superkingdom:Bacteria;phylum:Pseudomonadota;class:Alphaproteobacteria;order:Rhodospirillales	4954599	50.57	3365	0.126	29.85	7.9	0	0.729	557.833	0.702	574.031	1.548	1623.453	0.683	506.986	1.121	893.636	1.986	1698.59
concoct.4	concoct.4.fa.contigs	DAS	d__Bacteria;p__Planctomycetota;c__UBA8108;o__UBA8890;f__UBA8898;g__UBA8898;s__UBA8898 sp002070955	k_Bacteria;p_Planctomycetota;		553429	69.5	378	0.075	6.5	0	0	0.223	173.16	1.216	1004.709	1.728	1854.292	0.532	404.4	0.369	303.878	1.936	1686.092
metabat2.184	metabat2.184.fa_sub.contigs	DAS	d__Bacteria;p__Actinomycetota;c__Thermoleophilia;o__Solirubrobacterales;f__Solirubrobacteraceae;g__F1-60-MAGs163;s__	k_Bacteria;p_Actinomycetota;		1030521	72.29	305	0.141	17.71	0	0	1.363	1061.956	1.416	1175.668	2.826	3012.54	1.515	1144.86	1.244	1005.934	1.849	1608.933
concoct.154	concoct.154.fa_sub.contigs	DAS	d__Bacteria;p__Pseudomonadota;c__Alphaproteobacteria;o__Reyranellales;f__Reyranellaceae;g__Reyranella;s__	k_Bacteria;p_Pseudomonadota;c_Alphaproteobacteria;		1675563	62.94	692	0.071	14.3	0.68	0	1.384	1060.798	1.402	1148.065	2.368	2493.158	1.836	1366.489	1.654	1319.473	1.87	1606.269
metabat2.154	metabat2.154.fa_sub.contigs	DAS	d__Bacteria;p__Bacillota_E;c__DTU015;o__DTU015;f__DTU015;g__UBA3907;s__UBA3907 sp002391545	k_Bacteria;p_Bacillota;s_Bacillota bacterium;		1432192	45.17	203	0.011	82.93	1.02	50	1.301	996.314	0.36	293.362	2.236	2344.017	2.192	1625.988	1.747	1387.096	1.832	1571.58
concoct.179	concoct.179.fa_sub.contigs	DAS	d__Bacteria;p__Chloroflexota;c__Chloroflexia;o__Thermomicrobiales;f__UBA6265;g__JACCXM01;s__	k_Bacteria;		9303944	65.1	1194	0	96.94	45.69	38.24	1.78	1370.179	1.859	1527.375	3.014	3172.111	2.602	1942.737	1.288	1028.725	1.807	1554.393
concoct.279	concoct.279.fa_sub.contigs	DAS	d__Bacteria;p__Actinomycetota;c__Actinomycetes;o__;f__;g__;s__	k_Bacteria;		6086486	68.72	4904	0.011	49.91	20.92	2.44	0.689	531.065	0.683	563.314	1.777	1878.563	0.711	532.731	0.793	637.16	1.796	1550.309
concoct.222	concoct.222.fa_sub.contigs	DAS	d__Archaea;p__Halobacteriota;c__Methanosarcinia;o__Methanotrichales;f__Methanotrichaceae;g__Methanothrix;s__Methanothrix soehngenii	k_Archaea;p_Euryarchaeota;c_Methanomicrobia;o_Methanotrichales;f_Methanotrichaceae;g_Methanothrix;		2498586	52.34	584	0.015	97.02	4.57	77.78	1.517	1161.196	1.443	1177.182	1.735	1817.444	1.612	1195.83	3.192	2538.627	1.761	1506.026
concoct.67	concoct.67.fa_sub.contigs	DAS	d__Bacteria;p__Actinomycetota;c__Actinomycetes;o__Actinomycetales;f__Microbacteriaceae;g__Microbacterium;s__Microbacterium paulum	k_Bacteria;p_Actinomycetota;c_Actinomycetes;o_Micrococcales;f_Microbacteriaceae;g_Microbacterium;		800781	71.46	496	0.042	28.66	0.89	40	1.193	923.85	0.983	811.244	2.44	2584.549	1.326	996.521	2.581	2071.885	1.697	1474.06
concoct.288	concoct.288.fa.contigs	DAS	d__Bacteria;p__Bacillota_C;c__Negativicutes;o__Selenomonadales;f__Selenomonadaceae;g__Selenomonas_C;s__Selenomonas_C bovis	k_Bacteria;p_Bacillota;c_Negativicutes;o_Selenomonadales;f_Selenomonadaceae;g_Selenomonas;s_Selenomonas bovis;		2225656	60.03	557	0.339	94.79	4.02	50	0.028	21.907	0.031	25.696	9.406	9964.297	0.031	23.368	0.166	134.165	1.703	1471.942
concoct.270	concoct.270.fa.contigs	DAS	d__Bacteria;p__Bacillota_A;c__Clostridia;o__Eubacteriales;f__Eubacteriaceae;g__UBA7485;s__UBA7485 sp937872065	k_Bacteria;p_Bacillota;c_Clostridia;o_Eubacteriales;		1804687	52.52	861	0.11	77.33	1.25	50	0.555	424.065	0.323	264.034	2.222	2323.974	0.584	432.35	1.142	907.702	1.724	1471.719
concoct.172	concoct.172.fa.contigs	DAS	Unclassified Bacteria	k_Bacteria;p_Bacteroidota;c_Bacteroidia;o_Bacteroidales;		279098	49.4	218	0.078	6.79	0	0	0.092	70.444	0.107	86.526	2.924	3067.124	0.074	54.924	0.057	46.733	1.704	1454.913
concoct.245	concoct.245.fa_sub.contigs	DAS	Unclassified Bacteria			966845	30.42	545	0				0.648	493.265	0.841	683.463	1.26	1314.4	1.223	904.748	0.813	641.329	1.586	1349.656
metabat2.31	metabat2.31.fa_sub.contigs	DAS	d__Bacteria;p__Atribacterota;c__Atribacteria;o__Atribacterales;f__Caldatribacteriaceae;g__UBA3950;s__UBA3950 sp018056825	k_Bacteria;p_Atribacterota;		1782643	40.02	224	0.021	96.55	2.41	50	1.725	1317.673	1.936	1576.834	2.75	2871.896	3.988	2953.44	3.864	3061.039	1.583	1349.314
concoct.285	concoct.285.fa_sub.contigs	DAS	d__Bacteria;p__Bacillota_E;c__DTU015;o__DTU015;f__DTU015;g__UBA3907;s__UBA3907 sp018052455	k_Bacteria;p_Bacillota;		1113973	46.55	166	0.056	30.17	6.9	20	6.303	4816.192	9.016	7364.775	2.292	2405.949	10.721	7954.067	2.025	1615.892	1.57	1345.291
concoct.256	concoct.256.fa_sub.contigs	DAS	d__Bacteria;p__Actinomycetota;c__Actinomycetes;o__Actinomycetales;f__Dermatophilaceae;g__JADJVJ01;s__JADJVJ01 sp937873315	k_Bacteria;p_Actinomycetota;c_Actinomycetes;o_Micrococcales;f_Intrasporangiaceae;		750367	66.34	500	0.587	20.54	0.96	0	0.394	301.54	0.335	275.72	2.649	2786.673	0.657	489.42	1.115	885.573	1.541	1322.614
concoct.289	concoct.289.fa_sub.contigs	DAS	d__Bacteria;p__Chloroflexota;c__Anaerolineae;o__UBA1429;f__UBA1429;g__DUUT01;s__	k_Bacteria;p_Chloroflexota;		3032406	64.52	1793	0.063	64.97	24.29	53.57	1.379	1055.182	1.007	823	1.332	1401.581	1.685	1253.673	0.333	265.382	1.484	1271.156
metabat2.16	metabat2.16.fa_sub.contigs	DAS	d__Bacteria;p__Actinomycetota;c__Actinomycetes;o__Actinomycetales;f__Microbacteriaceae;g__Microbacterium;s__Microbacterium paulum	k_Bacteria;p_Actinomycetota;c_Actinomycetes;o_Micrococcales;f_Microbacteriaceae;g_Microbacterium;		261986	70.5	82	0.054	9.54	0.54	0	1.249	967.861	0.921	765.856	2.473	2619.6	1.461	1093.331	2.832	2267.659	1.463	1262.403
concoct.267	concoct.267.fa_sub.contigs	DAS	d__Bacteria;p__Chloroflexota;c__Chloroflexia;o__Thermomicrobiales;f__UBA6265;g__JACCXM01;s__	k_Bacteria;	superkingdom:Bacteria;clade:Terrabacteria group;phylum:Actinomycetota;class:Thermoleophilia;order:Solirubrobacterales	3316088	67.37	1731	0.003	35.97	0.16	100	1.652	1277.654	1.734	1431.821	2.239	2372.579	2.198	1649.637	1.293	1040.159	1.443	1251.846
metabat2.114	metabat2.114.fa_sub.contigs	DAS	d__Bacteria;p__Actinomycetota;c__Actinomycetes;o__Propionibacteriales;f__Propionibacteriaceae;g__Micropruina;s__	k_Bacteria;p_Actinomycetota;c_Actinomycetes;o_Propionibacteriales;f_Nocardioidaceae;g_Micropruina;		5781156	68.49	1207	0.39	83.58	70.84	18.89	1.786	1379.157	1.579	1300.807	2.962	3130.099	2.098	1573.033	2.485	1989.294	1.323	1142.029
concoct.148	concoct.148.fa.contigs	DAS	d__Bacteria;p__Bacillota_A;c__Clostridia;o__Oscillospirales;f__Oscillospiraceae;g__Vescimonas;s__	k_Bacteria;p_Bacillota;c_Clostridia;o_Eubacteriales;		2197475	58.57	408	0.006	93.18	6.05	54.55	1.738	1332.427	1.027	842.972	3.448	3630.351	1.391	1036.26	2.888	2316.573	1.294	1112.875
concoct.132	concoct.132.fa.contigs	DAS	d__Bacteria;p__Chloroflexota;c__Anaerolineae;o__Anaerolineales;f__Anaerolineaceae;g__Flexilinea;s__Flexilinea sp022837205	k_Bacteria;p_Chloroflexota;c_Anaerolineae;o_Anaerolineales;f_Anaerolineaceae;g_Flexilinea;		2626364	43.65	474	0.345	100	7.4	83.33	2.61	1991.757	2.842	2311.87	2.581	2692.255	3.826	2834.12	3.495	2760.862	1.288	1098.377
concoct.190	concoct.190.fa.contigs	DAS	Unclassified Bacteria	k_Bacteria;		1565300	57.69	1294	0.02	21.72	2.59	0	0.778	593.349	0.782	637.073	1.41	1476.807	0.848	629.35	0.006	6.784	1.284	1094.742
metabat2.131	metabat2.131.fa_sub.contigs	DAS	d__Bacteria;p__Cloacimonadota;c__Cloacimonadia;o__Cloacimonadales;f__Cloacimonadaceae;g__Syntrophosphaera;s__Syntrophosphaera sp002070045	k_Bacteria;p_Candidatus Cloacimonadota;		557237	36.42	112	0.055	16.38	0	0	4.329	3301.623	3.873	3155.452	5.393	5623.634	4.941	3653.239	2.385	1889.729	1.282	1091.603
metabat2.190	metabat2.190.fa_sub.contigs	DAS	d__Bacteria;p__Bacteroidota;c__Bacteroidia;o__Bacteroidales;f__Dysgonomonadaceae;g__UBA4179;s__UBA4179 sp002305015	k_Bacteria;p_Bacteroidota;c_Bacteroidia;o_Bacteroidales;		2059072	41.3	274	0.16	82.22	8.05	42.86	2.229	1702.653	1.373	1119.202	1.059	1106.237	2.206	1633.425	8.385	6635.696	1.268	1078.227
concoct.167	concoct.167.fa_sub.contigs	DAS	d__Bacteria;p__Actinomycetota;c__Actinomycetes;o__S36-B12;f__UBA10799;g__UBA10799;s__UBA10799 sp030157755	k_Bacteria;		1056079	60.76	524	0	24.29	0	0	0.998	763.282	0.711	580.662	2.286	2394.594	0.507	376.981	0.723	577.303	1.246	1066.412
concoct.255	concoct.255.fa.contigs	DAS	d__Bacteria;p__Desulfobacterota;c__Syntrophia;o__Syntrophales;f__UBA2192;g__UBA2192;s__UBA2192 sp012728915	k_Bacteria;p_Thermodesulfobacteriota;c_Syntrophia;o_Syntrophales;		716599	62.87	504	0.589	22.35	0	0	0.759	582.114	0.928	758.499	1.488	1564.871	0.598	448.307	1.091	879.625	1.236	1060.314
concoct.131	concoct.131.fa.contigs	DAS	d__Bacteria;p__Planctomycetota;c__Planctomycetia;o__Pirellulales;f__Lacipirellulaceae;g__Lacipirellula;s__	k_Bacteria;p_Planctomycetota;c_Planctomycetia;	superkingdom:Bacteria;clade:PVC group;phylum:Planctomycetota;class:Planctomycetia;order:Planctomycetales;family:Planctomycetaceae	5054833	62.02	893	0.01	80.83	4.49	33.33	1.809	1390.298	1.74	1426.515	2.162	2275.772	1.835	1371.552	1.332	1064.233	1.227	1055.056
metabat2.133	metabat2.133.fa.contigs	DAS	d__Bacteria;p__Cloacimonadota;c__Cloacimonadia;o__Cloacimonadales;f__Cloacimonadaceae;g__Cloacimonas;s__Cloacimonas acidaminivorans	k_Bacteria;p_Candidatus Cloacimonadota;c_Candidatus Cloacimonadia;o_Candidatus Cloacimonadales;f_Candidatus Cloacimonadaceae;g_Candidatus Cloacimonas;		1907919	37.34	259	0	100	3.45	50	83.439	63585.768	72.75	59234.746	13.654	14247.324	101.313	74997.962	2.407	1910.772	1.234	1051.822
metabat2.192	metabat2.192.fa_sub.contigs	DAS	d__Bacteria;p__Chloroflexota;c__Chloroflexia;o__Thermomicrobiales;f__;g__;s__	k_Bacteria;		25748	55.9	9	0	6.03	0	0	1.388	1064.648	1.319	1087.23	2.602	2728.736	1.544	1148.186	1.153	936.924	1.221	1049.758
metabat2.90	metabat2.90.fa_sub.contigs	DAS	d__Bacteria;p__Actinomycetota;c__Thermoleophilia;o__UBA2241;f__UBA2241;g__CAIXSE01;s__CAIXSE01 sp012719015	k_Bacteria;		601126	68.51	175	0.012	17.63	0	0	0.877	681.04	2.041	1688.085	1.874	1989.77	1.454	1098.175	0.868	701.624	1.206	1046.876
concoct.237	concoct.237.fa_sub.contigs	DAS	d__Bacteria;p__Pseudomonadota;c__Alphaproteobacteria;o__Rhodobacterales;f__Rhodobacteraceae;g__Tabrizicola;s__	k_Bacteria;p_Pseudomonadota;c_Alphaproteobacteria;o_Rhodobacterales;f_Paracoccaceae;		2364961	66.4	1535	0.085	48.49	5.6	40	1.318	1007.43	1.408	1151.489	2.169	2274.035	1.783	1324.696	1.548	1227.825	1.204	1032.897
metabat2.145	metabat2.145.fa.contigs	DAS	d__Bacteria;p__Bacillota_E;c__DTU015;o__DTU015;f__DTU015;g__UBA3907;s__UBA3907 sp018052475	k_Bacteria;p_Bacillota;s_Bacillota bacterium;	superkingdom:Bacteria	1627891	47.25	118	0	94.83	5.8	88.24	7.2	5501.691	13.654	11139.995	1.886	1977.891	15.398	11419.727	3.03	2405.946	1.207	1032.587
metabat2.91	metabat2.91.fa.contigs	DAS	d__Bacteria;p__Bacillota_G;c__DTU025;o__DTUO25;f__DTU025;g__UBA10085;s__UBA10085 sp012842765	k_Bacteria;p_Bacillota;s_Bacillota bacterium;		2661398	54.11	132	0	100	2.59	0	5.059	3874.383	9.139	7466.214	2.811	2963.153	7.566	5626.25	2.61	2088.538	1.141	978.127
concoct.214	concoct.214.fa_sub.contigs	DAS	d__Bacteria;p__Bacillota_A;c__Clostridia;o__Christensenellales;f__DTU072;g__Firm-09;s__Firm-09 sp002385605	k_Bacteria;p_Bacillota;c_Clostridia;o_Eubacteriales;s_Clostridiales bacterium;		360429	49.74	19	0	13.64	0	0	8.638	6642.998	3.767	3094.741	1.84	1942.505	1.565	1169.892	22.664	18203.351	1.095	939.479
concoct.232	concoct.232.fa.contigs	DAS	d__Bacteria;p__Bacillota_C;c__Negativicutes;o__Acidaminococcales;f__Acidaminococcaceae;g__JAKVKY01;s__	k_Bacteria;p_Bacillota;c_Negativicutes;o_Acidaminococcales;f_Acidaminococcaceae;		928603	50.71	571	0.108	37.58	2.18	0	0.129	99.086	0.147	119.162	3.215	3360.397	0.116	85.959	1.558	1238.029	1.098	937.364
concoct.280	concoct.280.fa_sub.contigs	DAS	d__Bacteria;p__Chlamydiota;c__Chlamydiia;o__Chlamydiales;f__;g__;s__		superkingdom:Bacteria;clade:PVC group;phylum:Planctomycetota;class:Planctomycetia;order:Planctomycetales;family:Planctomycetaceae	5463839	43.8	3112	0				0.644	491.531	0.901	734.618	1.482	1548.848	1.167	863.597	0.636	505.91	1.081	925.944
concoct.102	concoct.102.fa.contigs	DAS	d__Bacteria;p__Armatimonadota;c__UBA5829;o__UBA5829;f__DTLH01;g__JAKPFN01;s__JAKPFN01 sp029551395	k_Bacteria;p_Armatimonadota;		3732562	48.18	733	0.172	97.81	2.19	0	2.21	1688.466	1.506	1229.121	1.36	1428.148	1.322	979.376	1.2	952.735	1.074	920.938
concoct.85	concoct.85.fa_sub.contigs	DAS	d__Bacteria;p__Atribacterota;c__Atribacteria;o__Atribacterales;f__Caldatribacteriaceae;g__UBA3950;s__UBA3950 sp018056825	k_Bacteria;p_Atribacterota;	superkingdom:Bacteria;phylum:Atribacterota;class:Atribacteria	1151227	41.19	638	0.114	32.42	0	0	1.077	822.183	1.041	847.952	1.977	2067.011	2.194	1623.831	2.521	1999.646	1.07	914.469
concoct.241	concoct.241.fa_sub.contigs	DAS	d__Bacteria;p__Planctomycetota;c__Planctomycetia;o__Pirellulales;f__Lacipirellulaceae;g__JABDGM01;s__	k_Bacteria;p_Planctomycetota;	superkingdom:Bacteria;clade:PVC group;phylum:Planctomycetota;class:Planctomycetia;order:Planctomycetales;family:Planctomycetaceae|superkingdom:Bacteria;phylum:Pseudomonadota;class:Betaproteobacteria	5608997	56.95	1985	0.182	46.2	6.03	40	1.18	903.219	1.197	977.875	1.694	1773.789	1.627	1206.665	1.197	950.897	1.066	912.065
metabat2.143	metabat2.143.fa.contigs	DAS	d__Bacteria;p__Patescibacteria;c__Paceibacteria;o__UBA6257;f__JAAZHW01;g__JAAZHW01;s__	k_Bacteria;	superkingdom:Bacteria	607869	29.99	65	0	72.7	3.61	33.33	5.581	4265.467	2.764	2253.814	8.115	8481.588	4.392	3255.999	0.204	159.504	1.054	897.132
concoct.193	concoct.193.fa.contigs	DAS	d__Bacteria;p__Bacillota_C;c__Negativicutes;o__Selenomonadales;f__Selenomonadaceae;g__;s__	k_Bacteria;p_Bacillota;c_Negativicutes;		1268304	54.89	888	0.527	36.83	6.62	0	0.325	248.556	0.303	247.434	3.2	3357.12	0.356	264.606	1.014	807.057	1.044	894.876
metabat2.3	metabat2.3.fa_sub.contigs	DAS	d__Bacteria;p__Planctomycetota;c__Planctomycetia;o__Pirellulales;f__Lacipirellulaceae;g__Lacipirellula;s__	k_Bacteria;p_Planctomycetota;c_Planctomycetia;		165810	61.51	54	0.259	3.52	0	0	1.819	1391.712	1.606	1312.975	2.076	2183.58	1.637	1225.63	1.144	913.324	1.021	876.949
concoct.7	concoct.7.fa_sub.contigs	DAS	d__Bacteria;p__Chloroflexota;c__Chloroflexia;o__Thermomicrobiales;f__;g__;s__	k_Bacteria;		2588353	61.04	1109	0	47.13	2.19	50	1.128	863.318	1.016	828.884	2.282	2395.426	1.264	939.248	1.124	892.954	0.997	853.925
concoct.156	concoct.156.fa.contigs	DAS	d__Bacteria;p__Bacillota_A;c__Thermosediminibacteria;o__Thermosediminibacterales;f__Tepidanaerobacteraceae;g__Tepidanaerobacter;s__Tepidanaerobacter syntrophicus	k_Bacteria;p_Bacillota;c_Clostridia;o_Thermosediminibacterales;f_Tepidanaerobacteraceae;g_Tepidanaerobacter;s_Tepidanaerobacter syntrophicus;		1640207	38.87	726	0.153	81.07	2.12	40	0.373	285.078	0.522	425.146	2.272	2377.431	0.535	395.332	2.433	1927.573	1.003	851.879
concoct.122	concoct.122.fa_sub.contigs	DAS	d__Bacteria;p__Planctomycetota;c__Planctomycetia;o__Pirellulales;f__JAEUIK01;g__;s__	k_Bacteria;	superkingdom:Bacteria;clade:Terrabacteria group;phylum:Actinomycetota;class:Actinomycetes;order:Propionibacteriales;family:Propionibacteriaceae	2848875	60.17	2315	0.012	26.42	11.52	0	0.705	538.372	0.591	484.442	1.087	1140.181	0.886	658.187	0.986	781.476	0.983	841.371
concoct.225	concoct.225.fa_sub.contigs	DAS	d__Bacteria;p__Actinomycetota;c__Thermoleophilia;o__Solirubrobacterales;f__Solirubrobacteraceae;g__;s__	k_Bacteria;p_Actinomycetota;c_Thermoleophilia;o_Solirubrobacterales;		4692427	72.1	2733	0.669	64.23	51	13.7	1.453	1130.354	1.56	1294.165	2.332	2480.629	1.696	1281.519	1.497	1207.749	0.967	840.425
concoct.262	concoct.262.fa.contigs	DAS	d__Bacteria;p__Bacillota_C;c__Negativicutes;o__Acidaminococcales;f__Acidaminococcaceae;g__;s__	k_Bacteria;p_Bacillota;c_Negativicutes;o_Acidaminococcales;f_Acidaminococcaceae;	superkingdom:Bacteria;clade:Terrabacteria group;phylum:Bacillota;class:Negativicutes;order:Acidaminococcales;family:Acidaminococcaceae;genus:Acidaminococcus	1027484	42.07	645	0.482	35.5	4.21	4.35	0.209	160.294	0.202	164.757	2.481	2589.468	0.17	126.387	1.852	1467.921	0.97	826.087
concoct.16	concoct.16.fa_sub.contigs	DAS	d__Bacteria;p__Pseudomonadota;c__Gammaproteobacteria;o__Burkholderiales;f__Burkholderiaceae;g__Comamonas;s__Comamonas sp947306475	k_Bacteria;p_Pseudomonadota;c_Betaproteobacteria;o_Burkholderiales;f_Comamonadaceae;g_Comamonas;		977821	64.37	612	0.08	31.45	1.59	11.76	1.276	983.04	1.463	1197.993	1.611	1698.847	1.955	1456.274	0.383	309.51	0.937	807.896
concoct.250	concoct.250.fa.contigs	DAS	Unclassified			285354	23.14	94	0				7.422	5652.484	39.008	31676.636	1.428	1492.937	5.206	3839.829	0.9	718.391	0.934	797.24
concoct.182	concoct.182.fa_sub.contigs	DAS	d__Bacteria;p__Bacteroidota;c__Bacteroidia;o__Bacteroidales;f__Bacteroidaceae;g__Prevotella;s__Prevotella sp937863835	k_Bacteria;p_Bacteroidota;c_Bacteroidia;o_Bacteroidales;		1875567	43.16	1035	0.24	56.05	1.25	0	0.34	258.948	0.341	277.629	3.861	4046.954	0.26	192.594	0.883	705.021	0.931	797.086
metabat2.70	metabat2.70.fa_sub.contigs	DAS	d__Bacteria;p__Spirochaetota;c__Spirochaetia;o__Treponematales;f__Rectinemataceae;g__Rectinema;s__Rectinema sp012516755	k_Bacteria;p_Spirochaetota;		2699963	45.41	246	0.095	92.24	3.45	0	5.66	4323.861	5.711	4661.234	3.186	3336.048	7.385	5483.758	1.494	1192.276	0.931	796.055
concoct.46	concoct.46.fa_sub.contigs	DAS	d__Bacteria;p__Chloroflexota;c__Anaerolineae;o__Anaerolineales;f__Anaerolineaceae;g__UBA6107;s__	k_Bacteria;p_Chloroflexota;c_Anaerolineae;o_Anaerolineales;		1802853	52.55	1248	0.393	57.98	14.45	10.34	0.581	443.814	1.183	963.578	1.16	1213.909	0.54	399.447	1.069	850.236	0.922	788.561
concoct.243	concoct.243.fa.contigs	DAS	d__Bacteria;p__Planctomycetota;c__Phycisphaerae;o__UBA1845;f__PWPN01;g__JACQVT01;s__JACQVT01 sp029550525	k_Bacteria;p_Planctomycetota;		5920364	63.88	104	0	98.28	0	0	6.415	4940.097	5.11	4205.05	1.551	1645.132	2.911	2187.59	1.081	872.832	0.886	764.08
metabat2.151	metabat2.151.fa.contigs	DAS	d__Bacteria;p__Armatimonadota;c__UBA5377;o__UBA5377;f__JABUFB01;g__JABUFB01;s__JABUFB01 sp018056145	k_Bacteria;	superkingdom:Bacteria;clade:Terrabacteria group;phylum:Actinomycetota;class:Acidimicrobiia;order:Acidimicrobiales;family:Iamiaceae;genus:Aquihabitans	6348531	64.92	181	0	96.55	1.72	0	5.189	3991.879	4.145	3406.611	3.096	3271.439	5.235	3908.941	1.697	1367.754	0.874	754.552
concoct.272	concoct.272.fa_sub.contigs	DAS	Unclassified Bacteria	k_Bacteria;p_Bacillota;c_Clostridia;o_Eubacteriales;		756043	45.55	402	0.183	21.92	0.91	0	4.2	3210.61	0.942	769.303	0.181	189.928	0.409	303.12	4.648	3699.054	0.88	749.609
metabat2.141	metabat2.141.fa.contigs	DAS	d__Bacteria;p__Marinisomatota;c__UBA2242;o__UBA2242;f__UBA2242;g__JAGNGI01;s__JAGNGI01 sp018002295	k_Bacteria;p_Candidatus Marinimicrobia;s_Candidatus Marinimicrobia bacterium;		2064535	41.86	313	0	89.66	5.17	100	20.48	15611.957	20.995	17090.104	4.557	4763.312	12.992	9625.639	0.216	171.416	0.873	745.767
concoct.24	concoct.24.fa_sub.contigs	DAS	d__Bacteria;p__Chloroflexota;c__Anaerolineae;o__Anaerolineales;f__Anaerolineaceae;g__Pelolinea;s__	k_Bacteria;p_Chloroflexota;c_Anaerolineae;		2272568	43.74	677	0.465	88.79	3.61	66.67	2.275	1735.053	2.053	1672.264	1.89	1973.775	2.891	2141.69	0.912	722.803	0.818	697.542
concoct.78	concoct.78.fa_sub.contigs	DAS	d__Bacteria;p__Bacillota_A;c__Clostridia;o__Lachnospirales;f__Lachnospiraceae;g__Mobilitalea;s__	k_Bacteria;p_Bacillota;c_Clostridia;o_Eubacteriales;		659732	44.3	338	0.021	24.59	1.82	0	0.06	45.979	0.046	37.151	0.117	122.576	0.032	23.567	6.318	5076.935	0.811	690.229
concoct.180	concoct.180.fa.contigs	DAS	d__Bacteria;p__Planctomycetota;c__Planctomycetia;o__Pirellulales;f__Thermoguttaceae;g__Thermogutta;s__	k_Bacteria;p_Planctomycetota;c_Planctomycetia;o_Pirellulales;f_Thermoguttaceae;g_Thermogutta;	superkingdom:Bacteria;clade:PVC group;phylum:Planctomycetota;class:Planctomycetia;order:Pirellulales;family:Thermoguttaceae;genus:Thermogutta	4627936	58.15	1371	0.09	89.55	10.03	73.53	1.22	935.49	2.282	1864.961	1.226	1285.387	4.24	3154.538	0.951	754.99	0.792	679.383
metabat2.101	metabat2.101.fa_sub.contigs	DAS	d__Bacteria;p__Bacillota_A;c__Clostridia;o__Lachnospirales;f__Lachnospiraceae;g__Mobilitalea;s__	k_Bacteria;p_Bacillota;c_Clostridia;o_Eubacteriales;		1420474	43.64	366	0	52.22	4.55	0	0.128	97.519	0.068	55.57	0.098	102.929	0.055	41.008	6.34	5092.547	0.793	676.561
concoct.269	concoct.269.fa.contigs	DAS	d__Bacteria;p__Planctomycetota;c__Phycisphaerae;o__Sedimentisphaerales;f__Anaerohalosphaeraceae;g__JAHDQI01;s__JAHDQI01 sp937868095	k_Bacteria;p_Planctomycetota;		2608646	52.55	1024	0.108	84.92	2.74	33.33	1.2	918.748	2.029	1656.847	0.616	647.696	2.496	1856.999	0.618	495.127	0.787	674.689
metabat2.139	metabat2.139.fa.contigs	DAS	d__Bacteria;p__Bacillota_A;c__Clostridia;o__Christensenellales;f__DTU072;g__Firm-09;s__Firm-09 sp002385605	k_Bacteria;p_Bacillota;c_Clostridia;o_Eubacteriales;s_Clostridiales bacterium;		1509901	50.65	22	0	81.82	0	0	8.169	6257.665	3.759	3080.631	1.486	1560.927	1.429	1066.807	21.465	17232.397	0.787	674.365
metabat2.83	metabat2.83.fa.contigs	DAS	d__Bacteria;p__Synergistota;c__Synergistia;o__Synergistales;f__Thermosynergistaceae;g__Thermosynergistes;s__Thermosynergistes sp001508935	k_Bacteria;p_Synergistota;c_Synergistia;o_Synergistales;		1446086	53.77	195	0	81.96	0.99	100	3.695	2827.763	3.29	2683.846	2.488	2610.46	5.915	4391.555	1.988	1586.647	0.786	673.058
metabat2.20	metabat2.20.fa_sub.contigs	DAS	d__Bacteria;p__Bacillota_A;c__Clostridia;o__Lachnospirales;f__Lachnospiraceae;g__UBA629;s__UBA629 sp029779695	k_Bacteria;p_Bacillota;c_Clostridia;o_Eubacteriales;f_Lachnospiraceae;		1470293	37.76	316	0.058	61.59	3.38	42.11	1.105	841.132	0.638	517.832	3.448	3611.768	1.69	1252.083	3.422	2716.119	0.777	665.126
concoct.111	concoct.111.fa_sub.contigs	DAS	d__Bacteria;p__Bacillota_A;c__Clostridia;o__Oscillospirales;f__QAMX01;g__;s__	k_Bacteria;p_Bacillota;c_Clostridia;o_Eubacteriales;		1375051	55.66	922	0.168	50.15	8.79	0	0.689	526.089	0.703	575.281	0.526	553.781	0.593	441.545	2.636	2110.991	0.769	657.776
concoct.204	concoct.204.fa_sub.contigs	DAS	d__Bacteria;p__Actinomycetota;c__Thermoleophilia;o__Solirubrobacterales;f__70-9;g__67-14;s__	k_Bacteria;p_Actinomycetota;c_Thermoleophilia;o_Solirubrobacterales;		3882306	64.55	1839	0.113	67.9	37.92	15.21	1.411	1082.342	1.165	955.366	2.318	2436.887	1.285	956.717	1.262	1004.943	0.71	611.283
concoct.191	concoct.191.fa.contigs	DAS	d__Bacteria;p__Bacteroidota;c__Bacteroidia;o__Bacteroidales;f__UBA932;g__DMER64;s__DMER64 sp002071385	k_Bacteria;p_Bacteroidota;c_Bacteroidia;o_Bacteroidales;		1098480	48.84	639	0.366	45.41	0.94	0	0.275	210.379	0.944	769.123	1.59	1668.296	0.456	338.308	1.862	1488.317	0.71	606.15
concoct.50	concoct.50.fa_sub.contigs	DAS	d__Bacteria;p__DTU030;c__DTU030;o__DUMP01;f__DUMP01;g__JAAYWY01;s__JAAYWY01 sp012516165	k_Bacteria;p_Bacillota;		1426407	47.3	693	0.018	77.12	5.17	33.33	0.266	203.6	0.195	158.099	1.388	1453.438	0.155	114.913	4.031	3213.189	0.69	591.897
concoct.278	concoct.278.fa_sub.contigs	DAS	d__Bacteria;p__Actinomycetota;c__Actinomycetes;o__Propionibacteriales;f__Propionibacteriaceae;g__Micropruina;s__Micropruina glycogenica	k_Bacteria;p_Actinomycetota;c_Actinomycetes;o_Propionibacteriales;f_Nocardioidaceae;g_Micropruina;		1203524	68.83	701	0.139	39.16	2.67	25	1.574	1215.297	1.335	1099.809	2.298	2429.911	1.879	1405.704	1.656	1325.329	0.676	581.838
metabat2.125	metabat2.125.fa.contigs	DAS	d__Bacteria;p__Bacteroidota;c__Bacteroidia;o__Bacteroidales;f__TTA-H9;g__TTA-H9;s__TTA-H9 sp002071415	k_Bacteria;p_Bacteroidota;c_Bacteroidia;o_Bacteroidales;		2414801	39.41	71	0	87.14	5.46	5	16.579	12655.867	24.106	19635.792	2.585	2709.816	30.533	22607.449	1.367	1083.751	0.672	576.601
concoct.43	concoct.43.fa.contigs	DAS	d__Bacteria;p__Bacillota_A;c__Clostridia;o__Lachnospirales;f__Lachnospiraceae;g__Chordicoccus;s__Chordicoccus sp022647575	k_Bacteria;p_Bacillota;c_Clostridia;o_Eubacteriales;f_Lachnospiraceae;		2544259	52.1	698	0	85.68	1.9	14.29	2.381	1819.661	1.345	1099.336	2.59	2717.078	0.839	623.116	0.634	502.848	0.667	570.969
concoct.12	concoct.12.fa_sub.contigs	DAS	d__Bacteria;p__Bacillota_A;c__Clostridia;o__Lachnospirales;f__Lachnospiraceae;g__UBA629;s__UBA629 sp029779695	k_Bacteria;p_Bacillota;c_Clostridia;o_Eubacteriales;f_Lachnospiraceae;		1732050	38.1	1008	0.322	48.56	16.19	68.52	0.861	659.206	0.549	446.996	2.838	2969.453	1.287	952.233	2.403	1904.332	0.647	553.772
concoct.79	concoct.79.fa.contigs	DAS	d__Bacteria;p__Spirochaetota;c__UBA4802;o__UBA4802;f__UB4802;g__UBA4802;s__UBA4802 sp002328585	k_Bacteria;p_Spirochaetota;		3238468	36.62	264	0.033	94.83	3.45	0	4.836	3690.664	7.75	6312.646	0.793	829.691	8.318	6160.791	0.11	87.858	0.649	553.753
concoct.160	concoct.160.fa_sub.contigs	DAS	d__Bacteria;p__Synergistota;c__Synergistia;o__Synergistales;f__Thermosynergistaceae;g__Thermosynergistes;s__Thermosynergistes sp001508935	k_Bacteria;p_Synergistota;c_Synergistia;o_Synergistales;		892125	51.37	416	0.103	13.28	2.12	80	2.734	2090.713	2.347	1914.388	1.871	1963.021	4.24	3144.455	1.501	1194.072	0.638	546.057
concoct.157	concoct.157.fa.contigs	DAS	d__Bacteria;p__Thermotogota;c__Thermotogae;o__Petrotogales;f__Kosmotogaceae;g__Mesotoga;s__Mesotoga infera_B	k_Bacteria;p_Thermotogota;c_Thermotogae;o_Kosmotogales;f_Kosmotogaceae;g_Mesotoga;	superkingdom:Bacteria;phylum:Thermotogota;class:Thermotogae;order:Kosmotogales;family:Kosmotogaceae;genus:Mesotoga	2626505	48.49	756	0.052	89.95	4.39	14.29	2.256	1725.295	2.32	1894.976	0.916	964.704	1.769	1314.681	0.157	126.478	0.62	530.888
metabat2.24	metabat2.24.fa.contigs	DAS	d__Bacteria;p__Actinomycetota;c__Thermoleophilia;o__Solirubrobacterales;f__Solirubrobacteraceae;g__Paraconexibacter;s__	k_Bacteria;p_Actinomycetota;c_Thermoleophilia;o_Solirubrobacterales;		1851949	72.45	474	0.092	43.03	3.42	50	2.123	1653.699	1.923	1595.285	2.859	3045.511	2.44	1845.079	2.333	1882.073	0.607	529.068
concoct.211	concoct.211.fa_sub.contigs	DAS	d__Bacteria;p__Bacillota_A;c__Clostridia;o__Peptostreptococcales;f__Anaerovoracaceae;g__RUG100;s__	k_Bacteria;p_Bacillota;c_Clostridia;o_Eubacteriales;	superkingdom:Bacteria;clade:Terrabacteria group;phylum:Bacillota;class:Clostridia;order:Eubacteriales;family:Lachnospiraceae	2078063	46.96	1474	0.558	50.9	16.67	9.38	0.833	634.701	0.537	435.703	1.95	2039.333	0.593	439.229	1.468	1163.329	0.608	518.169
concoct.189	concoct.189.fa_sub.contigs	DAS	d__Bacteria;p__Nitrospirota;c__Thermodesulfovibrionia;o__Thermodesulfovibrionales;f__Thermodesulfovibrionaceae;g__Thermodesulfovibrio;s__	k_Bacteria;		1629815	34.2	1104	0.143	32.49	2.07	0	0.836	637.139	0.986	801.309	1.392	1452.684	1.439	1064.097	1.159	914.444	0.599	508.966
concoct.137	concoct.137.fa_sub.contigs	DAS	d__Bacteria;p__Bacteroidota;c__Bacteroidia;o__Bacteroidales;f__Dysgonomonadaceae;g__UBA4179;s__UBA4179 sp012798745	k_Bacteria;p_Bacteroidota;c_Bacteroidia;o_Bacteroidales;f_Dysgonomonadaceae;		2164957	40.75	452	0.197	70.52	11.84	73.08	3.435	2620.71	2.087	1699.668	2.651	2768.027	4.054	3001.774	2.474	1958.967	0.597	508.816
concoct.220	concoct.220.fa.contigs	DAS	d__Bacteria;p__Planctomycetota;c__Phycisphaerae;o__Sedimentisphaerales;f__Anaerohalosphaeraceae;g__4572-13;s__4572-13 sp018052735	k_Bacteria;p_Planctomycetota;c_Phycisphaerae;	superkingdom:Bacteria	2668045	51.11	876	0.016	85.22	1.72	0	3.338	2553.44	1.941	1587.853	0.665	698.736	0.767	571.389	0.214	172.703	0.59	507.895
concoct.219	concoct.219.fa_sub.contigs	DAS	Unclassified Bacteria	k_Bacteria;		327083	42.26	121	0.046	0	0	0	6.577	5022.024	11.65	9496.462	1.108	1165.219	9.63	7155.502	1.15	911.524	0.585	501.178
concoct.231	concoct.231.fa_sub.contigs	DAS	d__Bacteria;p__Bacillota;c__Bacilli;o__Lactobacillales;f__Streptococcaceae;g__Streptococcus;s__	k_Bacteria;p_Bacillota;c_Bacilli;o_Lactobacillales;f_Streptococcaceae;g_Streptococcus;		676064	45.84	461	0.237	32.5	2.09	23.08	0.742	563.009	0.348	283.098	2.773	2891.689	0.351	260.591	1.167	923.146	0.587	499.938
concoct.47	concoct.47.fa_sub.contigs	DAS	d__Bacteria;p__Patescibacteria;c__Paceibacteria;o__UBA6257;f__UBA6257;g__JAKJEG01;s__JAKJEG01 sp022705545	k_Bacteria;		534091	31.41	315	0	49.74	12.93	20	4.682	3567.762	1.882	1530.137	4.248	4443.04	3.03	2244.048	0.463	363.723	0.569	484.991
concoct.151	concoct.151.fa.contigs	DAS	d__Bacteria;p__DUMJ01;c__DUMJ01;o__DUMJ01;f__DUMJ01;g__DUMJ01;s__DUMJ01 sp012839925	k_Bacteria;p_Dictyoglomota;		2561360	39.53	288	0.234	100	1.72	100	3.877	2964.066	3.163	2578.434	2.929	3073.122	4.796	3556.764	2.406	1913.198	0.563	482.589
metabat2.182	metabat2.182.fa_sub.contigs	DAS	d__Bacteria;p__Bacteroidota;c__Bacteroidia;o__Bacteroidales;f__Dysgonomonadaceae;g__UBA4179;s__UBA4179 sp012798745	k_Bacteria;p_Bacteroidota;c_Bacteroidia;o_Bacteroidales;		2418837	40.04	333	0.048	85.57	19.04	50.68	3.225	2460.596	3.343	2721.768	1.829	1911.306	5.63	4170.801	4.387	3465.384	0.55	469.327
concoct.95	concoct.95.fa_sub.contigs	DAS	d__Bacteria;p__Desulfobacterota;c__Desulfomonilia;o__UBA1062;f__UBA1062;g__UBA1062;s__UBA1062 sp001896555	k_Bacteria;p_Pseudomonadota;		1275550	56.81	815	0.413	26.02	3.45	0	3.674	2820.399	3.319	2719.306	0.646	684.846	3.933	2933.528	0.252	203.876	0.541	468.735
metabat2.51	metabat2.51.fa_sub.contigs	DAS	d__Bacteria;p__Bacillota_A;c__Clostridia;o__Acetivibrionales;f__DTU013;g__DTU013;s__	k_Bacteria;p_Bacillota;c_Clostridia;o_Eubacteriales;f_Clostridiaceae;		4157553	49.21	541	0.022	85.36	69.63	72.39	1.326	1014.524	0.199	162.552	0.034	35.536	0.141	104.792	48.318	38557.729	0.542	463.122
concoct.63	concoct.63.fa_sub.contigs	DAS	d__Bacteria;p__Bacteroidota;c__Bacteroidia;o__Bacteroidales;f__Dysgonomonadaceae;g__UBA4179;s__	k_Bacteria;p_Bacteroidota;c_Bacteroidia;o_Bacteroidales;		1317179	41.84	846	0.317	23.96	4.85	76.92	2.185	1667.825	1.465	1193.086	1.469	1535.331	2.652	1962.984	3.276	2592.646	0.528	450.786
concoct.72	concoct.72.fa.contigs	DAS	d__Bacteria;p__Planctomycetota;c__Phycisphaerae;o__Sedimentisphaerales;f__SG8-4;g__PLanc-01;s__PLanc-01 sp018055905	k_Bacteria;p_Planctomycetota;c_Phycisphaerae;	superkingdom:Bacteria;clade:PVC group;phylum:Planctomycetota;class:Phycisphaerae;order:Phycisphaerales;family:Phycisphaeraceae;genus:Phycisphaera|superkingdom:Bacteria;clade:PVC group;phylum:Planctomycetota;class:Phycisphaerae;order:Tepidisphaerales;family:Tepidisphaeraceae;genus:Tepidisphaera	4946929	59.99	448	0.082	94.83	1.72	0	4.016	3085.679	3.927	3223.026	0.721	763.804	2.347	1754.946	0.162	130.43	0.522	448.312
concoct.113	concoct.113.fa_sub.contigs	DAS	d__Bacteria;p__Bacillota_I;c__Bacilli_A;o__ML615J-28;f__CAG-313;g__UBA1427;s__	k_Bacteria;		625052	39.84	401	0.022	11.94	1.72	0	2.84	2168.197	4.37	3571.015	0.748	785.365	3.432	2553.898	0.406	327.412	0.507	433.632
concoct.114	concoct.114.fa_sub.contigs	DAS	d__Bacteria;p__Cloacimonadota;c__Cloacimonadia;o__Cloacimonadales;f__Cloacimonadaceae;g__Cloacimonas;s__Cloacimonas acidaminivorans	k_Bacteria;p_Candidatus Cloacimonadota;c_Candidatus Cloacimonadia;o_Candidatus Cloacimonadales;f_Candidatus Cloacimonadaceae;g_Candidatus Cloacimonas;		1611790	36.7	685	0.302	6.9	1.72	100	31.624	24129.071	27.678	22571.434	5.185	5418.731	38.43	28473.479	0.859	683.262	0.502	427.859
concoct.66	concoct.66.fa.contigs	DAS	d__Archaea;p__Methanobacteriota;c__Methanobacteria;o__Methanobacteriales;f__Methanobacteriaceae;g__Methanobacterium;s__Methanobacterium sp012838205	k_Archaea;p_Euryarchaeota;	superkingdom:Archaea;phylum:Candidatus Thermoplasmatota;class:Thermoplasmata;order:Methanomassiliicoccales;family:Methanomassiliicoccaceae;genus:Methanomassiliicoccus	1543218	62.53	404	0.367	96	4.06	57.14	2.437	1874.24	2.564	2108.912	1.045	1103.728	1.736	1302.537	2.433	1975.943	0.487	418.572
concoct.30	concoct.30.fa_sub.contigs	DAS	d__Bacteria;p__Acidobacteriota;c__UBA6911;o__RPQK01;f__RPQK01;g__RPQK01;s__	k_Bacteria;p_Acidobacteriota;	superkingdom:Bacteria	3176118	56.36	1747	0.216	50.8	2.04	0	1.406	1076.202	1.314	1075.069	0.84	882.572	1.495	1112.278	0.197	158.922	0.485	416.405
metabat2.124	metabat2.124.fa_sub.contigs	DAS	d__Bacteria;p__Bacillota_A;c__Clostridia;o__Oscillospirales;f__Ruminococcaceae;g__SZUA-444;s__	k_Bacteria;p_Bacillota;c_Clostridia;o_Eubacteriales;		1914306	34.75	291	0.126	92.73	4.73	0	0.105	80.872	0.144	118.181	0.094	98.944	0.115	85.683	12.602	10034.081	0.486	413.782
concoct.109	concoct.109.fa.contigs	DAS	d__Bacteria;p__Ratteibacteria;c__UBA8468;o__B48-G9;f__DTJG01;g__DTJG01;s__DTJG01 sp002070645	k_Bacteria;p_Candidatus Sumerlaeota;	superkingdom:Bacteria	2022211	36.19	361	0.088	94.83	1.88	0	2.259	1725.078	1.915	1559.832	1.285	1342.088	3.2	2371.969	0.122	97.148	0.477	408.905
concoct.195	concoct.195.fa_sub.contigs	DAS	d__Bacteria;p__Bacteroidota;c__Bacteroidia;o__Bacteroidales;f__TTA-H9;g__TTA-H9;s__TTA-H9 sp002071415	k_Bacteria;p_Bacteroidota;c_Bacteroidia;o_Bacteroidales;		631020	38.12	155	0.031	16.94	1.5	50	12.238	9334.614	17.051	13896.305	1.808	1896.725	20.523	15191.131	0.963	762.406	0.45	385.11
concoct.6	concoct.6.fa.contigs	DAS	d__Bacteria;p__Desulfobacterota;c__Syntrophia;o__Syntrophales;f__UBA2192;g__UBA2192;s__	k_Bacteria;p_Thermodesulfobacteriota;		3121623	64.75	465	0.01	98.28	5.64	42.86	2.791	2147.87	4	3288.823	0.43	454.925	4.596	3436.442	0.3	243.266	0.445	383.588
metabat2.126	metabat2.126.fa.contigs	DAS	d__Bacteria;p__Bacteroidota;c__Bacteroidia;o__Bacteroidales;f__Paludibacteraceae;g__MVYY01;s__	k_Bacteria;p_Bacteroidota;c_Bacteroidia;o_Bacteroidales;f_Paludibacteraceae;s_Paludibacteraceae bacterium;	superkingdom:Bacteria;clade:FCB group;clade:Bacteroidota/Chlorobiota group;phylum:Bacteroidota;class:Bacteroidia;order:Bacteroidales;family:Paludibacteraceae;genus:Paludibacter	1656326	32.65	104	0.052	81.84	2.25	11.11	4.079	3106.964	3.93	3196.006	1.765	1839.513	7.996	5909.485	9.035	7127.375	0.446	379.562
concoct.41	concoct.41.fa_sub.contigs	DAS	d__Bacteria;p__;c__;o__;f__;g__;s__	k_Bacteria;	superkingdom:Bacteria	3910254	60.69	2737	0.031	38.12	6.99	5	2.101	1613.634	2.064	1692.779	0.588	621.017	1.968	1471.106	0.593	477.583	0.432	371.989
metabat2.113	metabat2.113.fa_sub.contigs	DAS	d__Bacteria;p__Bacillota_A;c__Clostridia;o__Lachnospirales;f__Lachnospiraceae;g__Butyrivibrio;s__Butyrivibrio sp017996845	k_Bacteria;p_Bacillota;c_Clostridia;o_Eubacteriales;f_Lachnospiraceae;g_Butyrivibrio;s_Butyrivibrio sp.;		3137274	41.96	715	0.021	73.66	17.55	65.69	0.757	576.867	0.714	582.333	4.687	4913.834	1.299	963.62	1.931	1539.032	0.421	360.574
concoct.90	concoct.90.fa.contigs	DAS	d__Archaea;p__Methanobacteriota;c__Methanobacteria;o__Methanobacteriales;f__Methanobacteriaceae;g__Methanobacterium;s__Methanobacterium sp012838205	k_Archaea;p_Euryarchaeota;c_Methanobacteria;o_Methanobacteriales;f_Methanobacteriaceae;g_Methanobacterium;s_Methanobacterium sp.;		1431809	38.27	521	0.023	77.25	3.38	14.29	1.646	1256.221	1.277	1042.774	0.862	899.267	1.304	966.922	1.531	1211.404	0.391	335.777
concoct.26	concoct.26.fa_sub.contigs	DAS	d__Bacteria;p__Bacillota_A;c__Clostridia;o__Lachnospirales;f__Lachnospiraceae;g__Mobilitalea;s__	k_Bacteria;p_Bacillota;c_Clostridia;o_Eubacteriales;	superkingdom:Archaea;phylum:Euryarchaeota;clade:Methanomada group;class:Methanobacteria;order:Methanobacteriales;family:Methanobacteriaceae;genus:Methanobacterium|superkingdom:Archaea;phylum:Euryarchaeota;clade:Methanomada group;class:Methanobacteria;order:Methanobacteriales;family:Methanobacteriaceae;genus:Methanobrevibacter|superkingdom:Bacteria|superkingdom:Bacteria;clade:Terrabacteria group;phylum:Bacillota;class:Clostridia;order:Eubacteriales;family:Lachnospiraceae	4181871	38.79	2742	0.433	54.08	22.46	7.14	0.559	425.759	0.336	273.281	0.192	200.803	0.396	293.513	5.368	4267.866	0.379	324.009
concoct.141	concoct.141.fa_sub.contigs	DAS	Unclassified Archaea			186580	50.06	137	0				1.984	1530.63	1.406	1146.853	0.38	398.813	1.23	912.551	0.339	265.396	0.373	322.596
concoct.228	concoct.228.fa_sub.contigs	DAS	Unclassified Bacteria	k_Bacteria;p_Bacillota;c_Clostridia;o_Eubacteriales;		593213	48.55	424	0.106	16.22	4.55	40	1.341	1025.149	0.244	199.699	0.068	71.271	0.677	502.423	17.107	13660.848	0.375	320.214
concoct.264	concoct.264.fa_sub.contigs	DAS	d__Bacteria;p__Pseudomonadota;c__Alphaproteobacteria;o__Rhizobiales;f__Hyphomicrobiaceae;g__Hyphomicrobium_B;s__	k_Bacteria;p_Pseudomonadota;c_Alphaproteobacteria;o_Hyphomicrobiales;f_Hyphomicrobiaceae;g_Hyphomicrobium;		3013404	60.63	2058	0.394	59.82	17.21	35.75	1.155	882.508	1.235	1007.806	1.37	1434.653	1.53	1134.476	1.135	900.413	0.367	315.225
metabat2.53	metabat2.53.fa_sub.contigs	DAS	d__Bacteria;p__Patescibacteria;c__Paceibacteria;o__UBA6257;f__UBA6257;g__JAKJEG01;s__JAKJEG01 sp022705545	k_Bacteria;	superkingdom:Bacteria	441678	31.55	95	0	54.64	1.88	0	1.879	1430.537	1.77	1443.618	1.61	1679.85	4.05	2993.707	0.247	195.478	0.35	299.466
concoct.203	concoct.203.fa.contigs	DAS	d__Bacteria;p__Armatimonadota;c__UBA5829;o__DTJY01;f__DTJY01;g__JAGONM01;s__	k_Bacteria;p_Armatimonadota;		4193376	62.12	727	0.025	92.95	2.19	0	2.63	2021.386	3.488	2859.92	0.609	641.745	2.229	1663.497	0.312	249.52	0.347	298.501
concoct.74	concoct.74.fa.contigs	DAS	d__Bacteria;p__Bacillota_A;c__Clostridia;o__Acetivibrionales;f__Acetivibrionaceae;g__Hungateiclostridium;s__	k_Bacteria;p_Bacillota;c_Clostridia;o_Eubacteriales;f_Clostridiaceae;g_Clostridium;		3983112	38.12	300	0.498	98.14	0	0	50.477	38574.757	19.205	15669.2	0.082	85.997	7.601	5633.897	9.336	7413.307	0.342	292.204
concoct.103	concoct.103.fa_sub.contigs	DAS	d__Bacteria;p__Bacillota_A;c__Clostridia;o__Lachnospirales;f__Lachnospiraceae;g__Butyrivibrio;s__Butyrivibrio sp017996845	k_Bacteria;p_Bacillota;c_Clostridia;o_Eubacteriales;f_Lachnospiraceae;g_Butyrivibrio;s_Butyrivibrio sp.;		1922600	42.12	1130	0.026	48.85	10.78	83.33	0.578	440.422	0.59	479.996	4.147	4348.017	1.147	850.168	1.638	1305.066	0.331	282.996
concoct.146	concoct.146.fa.contigs	DAS	d__Bacteria;p__Spirochaetota;c__JAAYUW01;o__JAAYUW01;f__JAAYUW01;g__Exilispira;s__Exilispira sp012517545	k_Bacteria;p_Spirochaetota;c_Spirochaetia;o_Spirochaetales;		1791752	30.52	728	0.338	75.42	1.08	33.33	2.181	1659.284	2.482	2018.958	0.478	499.212	1.27	938.776	0.236	187.141	0.331	281.802
concoct.144	concoct.144.fa.contigs	DAS	d__Bacteria;p__Planctomycetota;c__Phycisphaerae;o__UBA1845;f__PWPN01;g__JAAXZI01;s__JAAXZI01 sp012719955	k_Bacteria;p_Planctomycetota;c_Phycisphaerae;s_Phycisphaerae bacterium;	superkingdom:Bacteria|superkingdom:Bacteria;clade:PVC group;phylum:Planctomycetota;class:Phycisphaerae	5371716	63.46	122	0	96.55	1.72	0	8.041	6193.356	8.291	6811.795	0.43	455.866	2.057	1540.198	5.046	4074.078	0.304	262.141
concoct.286	concoct.286.fa.contigs	DAS	d__Bacteria;p__Bacillota_G;c__Limnochordia;o__DTU010;f__DTU010;g__DTU010;s__DTU010 sp012840725	k_Bacteria;p_Bacillota;		2590261	57.32	96	0	98.28	1.72	0	9.767	7490.503	6.374	5223.5	0.931	984.316	1.443	1073.994	0.661	533.711	0.3	258.216
concoct.150	concoct.150.fa.contigs	DAS	d__Bacteria;p__Planctomycetota;c__Planctomycetia;o__Pirellulales;f__Thermoguttaceae;g__JANXAQ01;s__	k_Bacteria;p_Planctomycetota;c_Planctomycetia;o_Pirellulales;f_Thermoguttaceae;	superkingdom:Bacteria;clade:PVC group;phylum:Planctomycetota;class:Planctomycetia;order:Pirellulales;family:Thermoguttaceae;genus:Thermogutta|superkingdom:Bacteria;clade:PVC group;phylum:Planctomycetota;class:Planctomycetia;order:Planctomycetales;family:Planctomycetaceae	4857210	55.94	683	0.023	92.97	0.99	50	2.641	2026.498	1.635	1337.873	1.179	1237.247	5.394	4014.035	0.217	173.309	0.29	248.173
concoct.276	concoct.276.fa_sub.contigs	DAS	d__Bacteria;p__Bacillota_I;c__Bacilli_A;o__ML615J-28;f__CAG-698;g__DUOT01;s__	k_Bacteria;p_Bacillota;		3774305	38.14	2395	0.576	73.3	27.27	2.7	0.001	0.714	0.001	0.477	0.004	3.87	0	0.319	6.206	4927.359	0.286	243.122
concoct.197	concoct.197.fa.contigs	DAS	d__Archaea;p__Halobacteriota;c__Methanomicrobia;o__Methanomicrobiales;f__Methanospirillaceae;g__Methanospirillum;s__Methanospirillum hungatei	k_Archaea;p_Euryarchaeota;c_Methanomicrobia;o_Methanomicrobiales;f_Methanospirillaceae;g_Methanospirillum;		1776884	46.36	980	0.106	58.94	2.62	44.44	1.406	1074.222	1.223	998.148	1.182	1238.226	1.652	1224.914	0.712	572.553	0.28	239.441
metabat2.56	metabat2.56.fa.contigs	DAS	d__Bacteria;p__Bacteroidota;c__Bacteroidia;o__Bacteroidales;f__Dysgonomonadaceae;g__Seramator;s__Seramator thermalis	k_Bacteria;p_Bacteroidota;	superkingdom:Bacteria;clade:FCB group;clade:Bacteroidota/Chlorobiota group;phylum:Bacteroidota;class:Bacteroidia;order:Bacteroidales;family:Porphyromonadaceae	2407635	42	235	0.009	91.38	3.45	100	6.464	4931.911	8.292	6754.539	0.827	867.285	3.711	2749.6	0.238	188.074	0.263	223.853
concoct.205	concoct.205.fa.contigs	DAS	d__Bacteria;p__Bacillota_A;c__Clostridia;o__DSM-8532;f__DSM-8532;g__Thermoclostridium_A;s__Thermoclostridium_A sp012719645	k_Bacteria;p_Bacillota;c_Clostridia;o_Eubacteriales;f_Clostridiaceae;		2561039	50.4	111	0.021	92.88	6.18	0	6.445	4932.907	2.003	1637.402	0.336	352.86	2.45	1816.656	6.549	5225.211	0.257	219.777
metabat2.127	metabat2.127.fa.contigs	DAS	d__Bacteria;p__Patescibacteria;c__UBA1384;o__UBA1384;f__;g__;s__	k_Bacteria;	superkingdom:Bacteria	521495	37.24	92	0	66.9	1.88	0	6.549	5001.676	1.481	1207.23	1.732	1808.35	2.076	1535.246	0.768	608.673	0.24	206.361
concoct.235	concoct.235.fa_sub.contigs	DAS	d__Bacteria;p__Bacillota_A;c__Clostridia;o__DSM-8532;f__DSM-8532;g__DTU059;s__	k_Bacteria;p_Bacillota;c_Clostridia;o_Eubacteriales;f_Clostridiaceae;		3306326	46.88	1514	0.069	85.77	30.16	3.33	0.182	138.33	0.076	62.138	0.05	52.079	0.317	235.658	6.088	4846.101	0.238	202.747
concoct.181	concoct.181.fa_sub.contigs	DAS	d__Bacteria;p__Patescibacteria;c__Paceibacteria;o__Paceibacterales;f__GWA2-38-27;g__JAKPCP01;s__JAKPCP01 sp029553225	k_Bacteria;	superkingdom:Bacteria	1064363	28.08	311	0.008	83.05	16.77	0	2.154	1639.235	8.292	6742.694	1.683	1758.315	9.974	7377.653	0.378	300.286	0.236	201.276
concoct.118	concoct.118.fa_sub.contigs	DAS	d__Bacteria;p__Synergistota;c__Synergistia;o__Synergistales;f__Acetomicrobiaceae;g__Acetomicrobium;s__Acetomicrobium sp012518015	k_Bacteria;p_Synergistota;c_Synergistia;o_Synergistales;	superkingdom:Bacteria;clade:Terrabacteria group;phylum:Bacillota;class:Clostridia;order:Eubacteriales;family:Syntrophomonadaceae|superkingdom:Bacteria;clade:Terrabacteria group;phylum:Bacillota;class:Clostridia;order:Eubacteriales;no rank:Eubacteriales incertae sedis;family:Eubacteriales Family XIII. Incertae Sedis;genus:Anaerovorax	2178087	46.62	1244	0.72	67.62	9.52	0	1.034	791.552	1.508	1229.212	0.685	719.404	2.538	1881.791	0.971	770.426	0.233	199.875
metabat2.38	metabat2.38.fa_sub.contigs	DAS	d__Bacteria;p__Patescibacteria;c__Paceibacteria;o__UBA6257;f__JAKLIH01;g__;s__	k_Bacteria;	superkingdom:Bacteria	458937	28.67	66	0	67.45	0.31	50	4.072	3103.54	3.955	3211.136	0.891	932.621	1.949	1442.232	0.167	132.041	0.23	197.681
concoct.192	concoct.192.fa.contigs	DAS	d__Bacteria;p__Bacillota_G;c__DTU084;o__DTU084;f__DTU084;g__DTU084;s__DTU084 sp001512905	k_Bacteria;p_Bacillota;		1524499	51.08	724	0.006	68.7	2.59	0	2.559	1954.072	2.327	1901.293	0.439	460.365	0.776	577.961	0.091	73.064	0.229	196.834
metabat2.48	metabat2.48.fa.contigs	DAS	d__Bacteria;p__Patescibacteria;c__Dojkabacteria;o__SC72;f__SC72;g__;s__	k_Bacteria;		616656	32.32	116	0	60.34	11.74	100	8.07	6148.801	18.143	14769.625	1.223	1277.981	13.466	9967.952	0.303	238.467	0.206	175.936
metabat2.21	metabat2.21.fa_sub.contigs	DAS	d__Bacteria;p__Patescibacteria;c__Microgenomatia;o__0-14-0-10-38-17;f__0-14-0-10-38-17;g__JAGPNC01;s__	k_Bacteria;p_Candidatus Shapirobacteria;s_Candidatus Shapirobacteria bacterium;		995600	42.13	236	0.03	66.69	38.15	46.67	2.197	1676.17	2.971	2423.433	1.443	1508.685	4.696	3484.993	0.225	178.077	0.203	174.078
concoct.260	concoct.260.fa_sub.contigs	DAS	d__Bacteria;p__Patescibacteria;c__Microgenomatia;o__0-14-0-10-38-17;f__0-14-0-10-38-17;g__JAGPNC01;s__	k_Bacteria;p_Candidatus Shapirobacteria;	superkingdom:Bacteria	1183390	42.42	723	0.111	58.2	35.77	67.27	1.815	1384.834	2.285	1866.876	1.309	1368.66	3.535	2623.206	0.261	205.415	0.203	173.418
concoct.201	concoct.201.fa.contigs	DAS	d__Bacteria;p__Bacillota_G;c__UBA4882;o__UBA10575;f__UBA3943;g__UBA3943;s__UBA3943 sp002385625	k_Bacteria;p_Bacillota;		1734920	52.18	776	0	85.8	2.59	12.5	0.55	421.432	1.014	829.356	0.054	56.448	0.636	474.982	4.147	3317.887	0.198	170.725
concoct.39	concoct.39.fa.contigs	DAS	d__Archaea;p__Methanobacteriota;c__Methanobacteria;o__Methanobacteriales;f__Methanobacteriaceae;g__Methanobacterium;s__Methanobacterium sp012838205	k_Archaea;p_Euryarchaeota;		2731146	53.06	142	0.314	98.4	0.4	100	6.558	5027.886	4.859	3977.447	0.378	397.926	5.408	4026.581	0.701	559.853	0.191	163.478
concoct.247	concoct.247.fa_sub.contigs	DAS	d__Bacteria;p__Bacteroidota;c__Bacteroidia;o__Bacteroidales;f__Dysgonomonadaceae;g__Seramator;s__Seramator thermalis	k_Bacteria;p_Bacteroidota;c_Bacteroidia;o_Bacteroidales;		436148	41.08	79	0.336	11.78	0.94	50	5.73	4371.785	7.297	5940.244	0.671	703.936	3.136	2319.188	0.106	84.158	0.189	161.817
metabat2.138	metabat2.138.fa_sub.contigs	DAS	d__Bacteria;p__Spirochaetota;c__JAAYUW01;o__JAAYUW01;f__JAAYUW01;g__Exilispira;s__Exilispira sp012517545	k_Bacteria;		74696	32.89	21	0.1	2.66	0	0	2.545	1934.208	2.694	2185.903	0.556	586.592	2.026	1499.582	0.134	103.533	0.185	159.149
concoct.140	concoct.140.fa.contigs	DAS	d__Bacteria;p__Bacillota_A;c__Clostridia;o__Christensenellales;f__Aristaeellaceae;g__JAEZHK01;s__	k_Bacteria;p_Bacillota;c_Clostridia;	superkingdom:Bacteria	991432	61.86	681	0.605	20.68	0	0	0.731	559.901	0.583	476.981	0.202	212.755	0.714	532.214	4.359	3470.57	0.181	154.615
concoct.263	concoct.263.fa.contigs	DAS	d__Bacteria;p__Atribacterota;c__Atribacteria;o__Atribacterales;f__Atribacteraceae;g__Atribacter;s__Atribacter sp002069605	k_Bacteria;p_Atribacterota;		2655907	38.74	595	0.017	92.95	2.59	100	2.927	2230.343	3.135	2552.013	0.489	511.599	3.878	2871.072	0.85	675.28	0.171	147.001
concoct.65	concoct.65.fa.contigs	DAS	d__Bacteria;p__Bacillota_B;c__Syntrophomonadia;o__Syntrophomonadales;f__Syntrophomonadaceae;g__DTU018;s__DTU018 sp029550685	k_Bacteria;p_Bacillota;c_Clostridia;o_Eubacteriales;f_Syntrophomonadaceae;	superkingdom:Bacteria;clade:Terrabacteria group;phylum:Bacillota;class:Clostridia;order:Eubacteriales;family:Syntrophomonadaceae;genus:Syntrophomonas	3875322	46.81	468	0.066	95.35	29.82	1.42	4.544	3475.321	2.158	1760.402	1.094	1148.377	2.617	1939.939	3.315	2632.555	0.164	140.85
concoct.73	concoct.73.fa.contigs	DAS	d__Bacteria;p__Bacillota_I;c__Bacilli_A;o__ML615J-28;f__CAG-698;g__DTU067;s__	k_Bacteria;p_Mycoplasmatota;c_Mollicutes;o_Acholeplasmatales;f_Acholeplasmataceae;	superkingdom:Bacteria	866728	50.53	494	0.103	59.53	1.99	33.33	0.008	5.963	0.005	4.159	0.012	12.239	0.007	5.18	6.349	5096.829	0.163	138.89
concoct.38	concoct.38.fa.contigs	DAS	d__Bacteria;p__Bacillota_G;c__UBA4882;o__UBA4882;f__UBA4882;g__UBA4882;s__	k_Bacteria;p_Bacillota;		2537154	49.43	400	0.016	93.1	0.47	33.33	0.094	71.38	0.094	77.235	0.062	65.08	7.476	5565.103	2.189	1752.295	0.16	137.26
concoct.233	concoct.233.fa_sub.contigs	DAS	d__Bacteria;p__Armatimonadota;c__UBA5829;o__UBA5829;f__UBA5829;g__;s__	k_Bacteria;p_Armatimonadota;		3565167	59.28	1458	0.135	79.05	5.49	0	1.771	1355.248	2.431	1986.139	0.177	186.119	2.162	1607.297	0.069	54.812	0.159	136.642
concoct.15	concoct.15.fa.contigs	DAS	d__Bacteria;p__Bacillota_G;c__UBA4882;o__UBA8346;f__UBA8346;g__JAKPCT01;s__JAKPCT01 sp029553165	k_Bacteria;p_Bacillota;		2306412	40.16	859	0.051	77.12	2.74	33.33	3.113	2372.494	2.387	1945.172	0.344	361.486	0.895	664.492	0.101	80.974	0.156	133.577
concoct.54	concoct.54.fa.contigs	DAS	d__Bacteria;p__Bacillota_A;c__Clostridia;o__Acetivibrionales;f__Acetivibrionaceae;g__Hungateiclostridium;s__Hungateiclostridium sp001512505			4013794	38.27	230	0.361				2.078	1587.515	0.434	353.601	0.033	34.243	2.876	2132.168	21.797	17302.892	0.147	125.422
concoct.187	concoct.187.fa_sub.contigs	DAS	Unclassified Bacteria	k_Bacteria;p_Candidatus Hydrogenedentes;		408744	36.87	301	0.112	16	0	0	1.888	1438.606	0.986	800.984	0.474	496.491	0.544	402.088	1.767	1386.821	0.145	124.601
concoct.142	concoct.142.fa.contigs	DAS	d__Bacteria;p__Hydrogenedentota;c__Hydrogenedentia;o__Hydrogenedentiales;f__Hydrogenedentaceae;g__Hydrogenedens;s__	k_Bacteria;p_Candidatus Hydrogenedentes;		3535776	37.14	112	0.021	100	0	0	8.004	6109.738	7.538	6142.745	1.049	1095.907	4.942	3663.774	1.52	1203.981	0.144	122.347
concoct.136	concoct.136.fa_sub.contigs	DAS	d__Bacteria;p__Bacillota_A;c__Clostridia;o__Oscillospirales;f__CAG-272;g__DTU078;s__	k_Bacteria;p_Bacillota;c_Clostridia;o_Eubacteriales;		609561	52.39	439	0.026	19.64	0	0	0.131	99.71	0.075	60.905	0.172	179.83	0.063	47.063	5.202	4147.517	0.14	120.093
concoct.120	concoct.120.fa_sub.contigs	DAS	d__Bacteria;p__Bacillota_B;c__Syntrophomonadia;o__Syntrophomonadales;f__DTU052;g__;s__	k_Bacteria;p_Bacillota;c_Clostridia;o_Eubacteriales;f_Syntrophomonadaceae;	superkingdom:Bacteria;clade:Terrabacteria group;phylum:Bacillota;class:Clostridia;order:Eubacteriales;family:Eubacteriaceae;genus:Eubacterium	3369109	50.16	2099	0.207	76.15	49.73	1.99	1.471	1124.796	0.929	756.406	0.358	374.962	1.498	1109.891	1.223	970.79	0.14	119.894
concoct.227	concoct.227.fa_sub.contigs	DAS	d__Bacteria;p__Patescibacteria;c__UBA1384;o__UBA1384;f__;g__;s__	k_Bacteria;p_Candidatus Pacebacteria;	superkingdom:Bacteria	578470	36.09	343	0.52	49.75	8.86	0	2.042	1560.503	1.426	1162.267	0.83	865.883	2.717	2010.751	0.234	186.566	0.134	116.381
concoct.21	concoct.21.fa.contigs	DAS	d__Bacteria;p__Synergistota;c__Synergistia;o__Synergistales;f__Synergistaceae;g__Syner-03;s__Syner-03 sp002306075	k_Bacteria;p_Synergistota;c_Synergistia;o_Synergistales;f_Synergistaceae;		1920001	51.4	401	0.045	94.83	5.14	35.71	4.172	3188.943	3.616	2950.205	0.52	546.5	2.102	1558.128	0.575	458.155	0.135	115.62
concoct.138	concoct.138.fa.contigs	DAS	d__Archaea;p__Methanobacteriota;c__Methanobacteria;o__Methanobacteriales;f__Methanobacteriaceae;g__Methanobacterium;s__Methanobacterium sp012838205	k_Archaea;p_Euryarchaeota;c_Methanobacteria;o_Methanobacteriales;f_Methanobacteriaceae;g_Methanobacterium;	superkingdom:Archaea;phylum:Euryarchaeota;clade:Methanomada group;class:Methanobacteria;order:Methanobacteriales;family:Methanobacteriaceae;genus:Methanobacterium	1968752	36.39	123	0.089	86.96	2.51	22.22	3.167	2414.014	3.623	2949.712	0.411	431.293	4.127	3055.162	0.3	238.091	0.132	112.884
metabat2.185	metabat2.185.fa_sub.contigs	DAS	d__Bacteria;p__Bacteroidota;c__Bacteroidia;o__Bacteroidales;f__Paludibacteraceae;g__MVYY01;s__MVYY01 sp002068215	k_Bacteria;p_Bacteroidota;c_Bacteroidia;o_Bacteroidales;f_Paludibacteraceae;		573013	38.09	161	0.08	29.17	0	0	2.566	1952.785	2.086	1691.649	0.411	427.406	2.361	1744.992	0.244	192.976	0.129	109.846
concoct.5	concoct.5.fa.contigs	DAS	d__Bacteria;p__Bacillota_A;c__Clostridia;o__Acetivibrionales;f__DTU013;g__DTU013;s__DTU013 sp012799845	k_Bacteria;p_Bacillota;c_Clostridia;o_Eubacteriales;f_Clostridiaceae;		1851006	49.36	982	0.096	55.82	4.02	28.57	4.436	3387.44	0.838	682.058	0.114	120.019	0.839	621.294	0.279	222.12	0.119	101.473
metabat2.69	metabat2.69.fa_sub.contigs	DAS	d__Bacteria;p__Bacillota_B;c__Syntrophomonadia;o__Syntrophomonadales;f__Syntrophomonadaceae;g__UBA4844;s__	k_Bacteria;p_Bacillota;c_Clostridia;o_Eubacteriales;f_Syntrophomonadaceae;		1897307	45.94	157	0.123	77.26	6.11	2.56	0.207	158.337	0.092	74.596	0.021	22.365	0.104	76.697	10.973	8724.013	0.117	100.118
metabat2.32	metabat2.32.fa.contigs	DAS	d__Bacteria;p__Desulfobacterota_G;c__Syntrophorhabdia;o__Syntrophorhabdales;f__Syntrophorhabdaceae;g__DTOV01;s__DTOV01 sp018052995	k_Bacteria;p_Thermodesulfobacteriota;c_Syntrophorhabdia;o_Syntrophorhabdales;	superkingdom:Bacteria;phylum:Thermodesulfobacteriota;class:Syntrophorhabdia;order:Syntrophorhabdales;family:Syntrophorhabdaceae;genus:Syntrophorhabdus	1951789	41.54	117	0.021	91.38	0	0	5.756	4399.487	5.113	4175.336	0.335	353.595	5.748	4265.527	0.089	71.853	0.114	98.221
concoct.215	concoct.215.fa_sub.contigs	DAS	d__Bacteria;p__Bacteroidota;c__Bacteroidia;o__Bacteroidales;f__Dysgonomonadaceae;g__Petrimonas;s__Petrimonas mucosa	k_Bacteria;p_Bacteroidota;c_Bacteroidia;o_Bacteroidales;f_Dysgonomonadaceae;g_Petrimonas;	superkingdom:Bacteria;clade:FCB group;clade:Bacteroidota/Chlorobiota group;phylum:Bacteroidota;class:Bacteroidia;order:Bacteroidales;family:Porphyromonadaceae	1553744	49.89	921	0.502	45.35	2.43	14.29	1.573	1201.597	1.138	927.688	0.316	330.389	0.684	508.451	2.023	1602.851	0.107	92.135
concoct.104	concoct.104.fa_sub.contigs	DAS	d__Bacteria;p__Bacillota_A;c__Clostridia;o__Acetivibrionales;f__Acetivibrionaceae;g__Hungateiclostridium;s__Hungateiclostridium mesophilum	k_Bacteria;p_Bacillota;c_Clostridia;o_Eubacteriales;		1466101	37.78	958	0.028	30.98	3.18	25	0.055	41.763	0.454	369.919	0.032	32.927	1.631	1206.447	3.295	2611.774	0.107	90.729
concoct.170	concoct.170.fa_sub.contigs	DAS	d__Bacteria;p__Bacillota_A;c__Clostridia;o__Oscillospirales;f__Ruminococcaceae;g__Ruminococcus;s__	k_Bacteria;p_Bacillota;c_Clostridia;o_Eubacteriales;f_Oscillospiraceae;g_Ruminococcus;s_Ruminococcus sp.;	superkingdom:Bacteria;clade:Terrabacteria group;phylum:Bacillota;class:Clostridia;order:Eubacteriales;family:Oscillospiraceae;genus:Ruminococcus	1021134	39.45	735	0.526	32.87	3.83	0	0.131	100.559	0.23	186.961	4.01	4182.825	0.522	385.914	0.416	330.18	0.103	88.478
metabat2.199	metabat2.199.fa.contigs	DAS	d__Bacteria;p__Bacillota_A;c__Clostridia;o__Tissierellales;f__Sedimentibacteraceae;g__Sedimentibacter;s__Sedimentibacter sp002316225	k_Bacteria;p_Bacillota;c_Tissierellia;		1937727	39.67	215	0.062	89.66	2.93	33.33	6.692	5108.139	2.813	2294.378	0.953	999.693	0.959	712.605	0.293	233.624	0.101	86.599
concoct.17	concoct.17.fa.contigs	DAS	d__Bacteria;p__Desulfobacterota;c__Syntrophia;o__Syntrophales;f__UBA8958;g__UBA8958;s__	k_Bacteria;		1082760	57.98	682	0	40.91	0.16	0	1.32	1011.447	2.972	2435.074	0.203	214.12	1.368	1017.725	0.079	64.708	0.09	77.663
concoct.143	concoct.143.fa_sub.contigs	DAS	d__Bacteria;p__Bacillota_A;c__Clostridia;o__Oscillospirales;f__Acutalibacteraceae;g__DTU053;s__	k_Bacteria;p_Bacillota;c_Clostridia;o_Eubacteriales;	superkingdom:Bacteria	1793261	47.44	704	0	79.76	5.65	60	0.036	27.064	0.19	154.566	0.02	20.404	0.64	471.679	7.106	5653.545	0.086	72.851
metabat2.188	metabat2.188.fa_sub.contigs	DAS	d__Bacteria;p__Bacillota_A;c__Clostridia;o__Tissierellales;f__Sedimentibacteraceae;g__Sedimentibacter;s__Sedimentibacter sp003483345	k_Bacteria;p_Bacillota;c_Tissierellia;	superkingdom:Bacteria;clade:Terrabacteria group;phylum:Bacillota;class:Tissierellia;no rank:Tissierellia incertae sedis;genus:Sedimentibacter	2069449	34.56	247	0.565	93.97	7.92	42.86	5.882	4485.231	5.077	4132.435	0.976	1021.571	4.79	3544.595	0.1	79.146	0.084	71.654
concoct.202	concoct.202.fa_sub.contigs	DAS	d__Bacteria;p__Desulfobacterota_G;c__Syntrophorhabdia;o__Syntrophorhabdales;f__Syntrophorhabdaceae;g__DTOV01;s__DTOV01 sp018052995	k_Bacteria;p_Spirochaetota;		1173689	38.23	593	0.175	35.09	3.45	0	3.35	2556.8	2.915	2376.018	0.155	163.868	2.179	1618.409	0.043	34.617	0.069	59.812
concoct.130	concoct.130.fa_sub.contigs	DAS	d__Bacteria;p__Bacillota_A;c__Clostridia;o__Tissierellales;f__Sedimentibacteraceae;g__Sedimentibacter;s__Sedimentibacter sp002316225	k_Bacteria;p_Bacillota;c_Tissierellia;		326924	38.93	93	0.214	5.17	0	0	6.408	4893.193	2.91	2371.871	0.756	792.866	1.036	768.649	0.258	206.543	0.065	55.884
concoct.291	concoct.291.fa.contigs	DAS	d__Bacteria;p__Hydrogenedentota;c__Hydrogenedentia;o__Hydrogenedentiales;f__SLHB01;g__DSVR01;s__DSVR01 sp029555585	k_Bacteria;p_Candidatus Hydrogenedentes;		1457904	59.4	1008	0.196	32.76	0	0	0.989	758.119	2.406	1964.654	0.095	101.446	1.425	1058.816	0.034	27.156	0.06	51.928
concoct.58	concoct.58.fa_sub.contigs	DAS	d__Bacteria;p__Bacillota_A;c__Clostridia;o__Acetivibrionales;f__DSM-2933;g__Pseudobacteroides;s__	k_Bacteria;p_Bacillota;c_Clostridia;o_Eubacteriales;f_Oscillospiraceae;g_Pseudobacteroides;		3724648	35.71	1536	0.171	81.06	3.82	0	0.76	579.401	0.223	182.349	0.019	20.102	5.293	3918.771	0.679	538.879	0.06	51.537
concoct.68	concoct.68.fa_sub.contigs	DAS	d__Bacteria;p__Bacillota_A;c__Clostridia;o__Tissierellales;f__Sedimentibacteraceae;g__Sedimentibacter;s__Sedimentibacter sp003483345	k_Bacteria;p_Bacillota;	superkingdom:Bacteria	1124686	34.04	126	0.245	79.6	6.9	0	2.391	1823.618	4.189	3410.104	0.387	405.169	7.062	5226.143	0.051	41.052	0.055	46.619
metabat2.63	metabat2.63.fa.contigs	DAS	d__Bacteria;p__Bacillota_A;c__Clostridia;o__Ch29;f__Ch29;g__JAAYEV01;s__	k_Bacteria;p_Bacillota;c_Clostridia;o_Eubacteriales;		1798136	49.49	277	0.014	82.36	3.94	100	4.256	3255.553	5.641	4609.364	0.362	381.929	3.467	2575.725	0.064	51.289	0.053	46.278
metabat2.132	metabat2.132.fa_sub.contigs	DAS	d__Bacteria;p__Patescibacteria;c__Paceibacteria;o__Paceibacterales;f__UBA5633;g__UBA2558;s__UBA2558 sp002340425	k_Bacteria;	superkingdom:Bacteria	336334	31.16	76	0	51.27	0	0	0.639	484.681	4.634	3764.047	0.107	112.905	2.919	2159.716	0.084	65.892	0.047	39.81
concoct.226	concoct.226.fa_sub.contigs	DAS	d__Bacteria;p__Bacillota_B;c__Syntrophomonadia;o__Syntrophomonadales;f__Syntrophomonadaceae;g__UBA4844;s__	k_Bacteria;p_Bacillota;c_Clostridia;o_Eubacteriales;	superkingdom:Bacteria	2701296	47.48	659	0	81.15	13.18	0	0.133	101.812	0.082	66.671	0.021	22.31	0.06	44.385	8.522	6766.884	0.039	32.89
concoct.229	concoct.229.fa.contigs	DAS	d__Bacteria;p__Bacillota_A;c__Clostridia;o__Saccharofermentanales;f__Saccharofermentanaceae;g__Saccharofermentans;s__Saccharofermentans sp022484595	k_Bacteria;p_Bacillota;c_Clostridia;o_Eubacteriales;f_Oscillospiraceae;		859911	47.43	512	0.025	42.02	0.11	0	0.954	727.323	0.815	664.643	2.728	2855.225	0.705	522.19	0.225	177.72	0.026	22.556
concoct.238	concoct.238.fa.contigs	DAS	d__Bacteria;p__Hinthialibacterota;c__Hinthialibacteria;o__Hinthialibacterales;f__Hinthialibacteraceae;g__JABLXU01;s__JABLXU01 sp013177805	k_Bacteria;p_Candidatus Omnitrophota;		447378	56.86	359	0.207	5.86	0	0	2.01	1529.083	0.693	564.504	0.043	44.674	1.353	1001.994	0.093	73.015	0.025	21.258
concoct.11	concoct.11.fa.contigs	DAS	d__Bacteria;p__Bacteroidota;c__Bacteroidia;o__Bacteroidales;f__Tenuifilaceae;g__Tenuifilum;s__Tenuifilum sp018056955	k_Bacteria;p_Bacteroidota;c_Bacteroidia;o_Bacteroidales;		615716	42.76	456	0.027	23.57	0.4	0	1.253	958.123	2.934	2387.44	0.038	40.201	0.274	201.484	0.012	9.936	0.025	21.136
concoct.82	concoct.82.fa_sub.contigs	DAS	d__Bacteria;p__Bacillota_B;c__Syntrophomonadia;o__Syntrophomonadales;f__Syntrophomonadaceae;g__;s__	k_Bacteria;p_Bacillota;c_Clostridia;o_Eubacteriales;	superkingdom:Bacteria	3059641	46.63	2252	0.431	52.18	25.07	0	2.382	1815.307	1.443	1175.644	0.198	207.524	0.937	692.902	0.336	266.566	0.01	8.548